origin,horizon,source_index,target_index,method,window_length,ridge,min_pred_eig,reference_residual,reference_refreshed,reference_fallback
0,3,178,181,local_bwar,48.0,1.0,0.11186354020830948,6.646974118442254e-11,1.0,0.0
0,3,179,182,local_bwar,48.0,1.0,0.10385676985681842,7.431375595062332e-11,1.0,0.0
0,3,180,183,local_bwar,48.0,1.0,0.07058768126004046,7.493237051940271e-11,1.0,0.0
0,3,181,184,local_bwar,48.0,1.0,0.08415250629904943,6.383840960710602e-11,1.0,0.0
0,3,182,185,local_bwar,48.0,1.0,0.08022641011872107,6.161668012922845e-11,1.0,0.0
0,3,183,186,local_bwar,48.0,1.0,0.01834335127017252,5.6011798672765696e-11,1.0,0.0
0,3,184,187,local_bwar,48.0,1.0,0.02179278365087423,6.859273023704806e-11,1.0,0.0
0,3,185,188,local_bwar,48.0,1.0,1.0238037730134273e-08,9.129926765371926e-11,1.0,0.0
0,3,186,189,local_bwar,48.0,1.0,0.035939935944711336,1.250597622872581e-10,1.0,0.0
0,3,187,190,local_bwar,48.0,1.0,0.08694795307065427,1.2602522495138373e-10,1.0,0.0
0,3,188,191,local_bwar,48.0,1.0,0.062348430150737065,1.1970271116290268e-10,1.0,0.0
0,3,189,192,local_bwar,48.0,1.0,0.06802558070592293,1.1093065663458076e-10,1.0,0.0
0,3,190,193,local_bwar,48.0,1.0,0.07233254627212012,1.0556461770007871e-10,1.0,0.0
0,3,191,194,local_bwar,48.0,1.0,0.07921718991680364,9.240659003770794e-11,1.0,0.0
0,3,192,195,local_bwar,48.0,1.0,0.0968815820243185,9.258367307164161e-11,1.0,0.0
0,3,193,196,local_bwar,48.0,1.0,0.07902844393240348,9.609644581528959e-11,1.0,0.0
0,3,194,197,local_bwar,48.0,1.0,0.07547087526179626,9.402508367359398e-11,1.0,0.0
0,3,195,198,local_bwar,48.0,1.0,0.08919672224316842,1.1085179623043317e-10,1.0,0.0
0,3,196,199,local_bwar,48.0,1.0,0.002477775894256359,1.2759251100176161e-10,1.0,0.0
0,3,197,200,local_bwar,48.0,1.0,0.06495365844731829,1.2721233432435906e-10,1.0,0.0
0,3,198,201,local_bwar,48.0,1.0,0.06231328073494212,1.4437599285174437e-10,1.0,0.0
0,3,199,202,local_bwar,48.0,1.0,0.07121294969881418,1.2416202540512942e-10,1.0,0.0
0,3,200,203,local_bwar,48.0,1.0,0.07624855746848473,9.952064408821812e-11,1.0,0.0
0,3,201,204,local_bwar,48.0,1.0,0.09802756666765589,1.0622378088863468e-10,1.0,0.0
0,3,202,205,local_bwar,48.0,1.0,0.08771821765194247,1.05301408149784e-10,1.0,0.0
0,3,203,206,local_bwar,48.0,1.0,0.0924018265125705,9.53007220932167e-11,1.0,0.0
0,3,204,207,local_bwar,48.0,1.0,0.08146257965152032,9.056290858258525e-11,1.0,0.0
0,3,205,208,local_bwar,48.0,1.0,0.09187939351057538,9.418350385187143e-11,1.0,0.0
0,3,206,209,local_bwar,48.0,1.0,0.09464465016498373,9.77424564697266e-11,1.0,0.0
0,3,207,210,local_bwar,48.0,1.0,0.10352117134560733,8.946107904407259e-11,1.0,0.0
0,3,208,211,local_bwar,48.0,1.0,0.10410982406095849,7.853322655625132e-11,1.0,0.0
0,3,209,212,local_bwar,48.0,1.0,0.11485429149593064,7.09396336003613e-11,1.0,0.0
0,3,210,213,local_bwar,48.0,1.0,0.09777687178613081,7.577857621905595e-11,1.0,0.0
0,3,211,214,local_bwar,48.0,1.0,0.09792184194913756,7.784257769013866e-11,1.0,0.0
0,3,212,215,local_bwar,48.0,1.0,0.09514417462756487,8.471348860036515e-11,1.0,0.0
0,3,213,216,local_bwar,48.0,1.0,0.09808237410377953,8.971577976028958e-11,1.0,0.0
0,3,214,217,local_bwar,48.0,1.0,0.09116924658338979,9.043772930958577e-11,1.0,0.0
0,3,215,218,local_bwar,48.0,1.0,0.12460465229763473,9.219664042151202e-11,1.0,0.0
0,3,216,219,local_bwar,48.0,1.0,0.129892639964786,9.565180050430346e-11,1.0,0.0
0,3,217,220,local_bwar,48.0,1.0,0.09085203039086888,1.014822187478178e-10,1.0,0.0
0,3,218,221,local_bwar,48.0,1.0,0.08251560699348656,1.0424413230494388e-10,1.0,0.0
0,3,219,222,local_bwar,48.0,1.0,0.08927474969971401,1.100482224500189e-10,1.0,0.0
0,3,220,223,local_bwar,48.0,1.0,0.11001223691722099,1.1379257337328353e-10,1.0,0.0
0,4,177,181,local_bwar,24.0,1.0,0.08934673543353652,5.4219547916106385e-11,1.0,0.0
0,4,178,182,local_bwar,24.0,1.0,0.09583846068804316,5.468124700803897e-11,1.0,0.0
0,4,179,183,local_bwar,24.0,1.0,0.09202272541889162,9.739157678321313e-10,1.0,0.0
0,4,180,184,local_bwar,24.0,1.0,0.08762739317590691,9.156377426307832e-10,1.0,0.0
0,4,181,185,local_bwar,24.0,1.0,0.08458716098065604,9.606182869187867e-10,1.0,0.0
0,4,182,186,local_bwar,24.0,1.0,0.08024427940256636,4.540174321174041e-11,1.0,0.0
0,4,183,187,local_bwar,24.0,1.0,0.06733614420607303,7.03769051433883e-11,1.0,0.0
0,4,184,188,local_bwar,24.0,1.0,0.05023053993785279,1.6890097184843776e-10,1.0,0.0
0,4,185,189,local_bwar,24.0,1.0,1.0226442743470292e-08,3.3961041573034585e-10,1.0,0.0
0,4,186,190,local_bwar,24.0,1.0,0.056094709514411804,5.663169327523186e-10,1.0,0.0
0,4,187,191,local_bwar,24.0,1.0,0.07891676783179521,5.82168564957197e-10,1.0,0.0
0,4,188,192,local_bwar,24.0,1.0,0.06760333692530203,7.312239710168073e-10,1.0,0.0
0,4,189,193,local_bwar,24.0,1.0,0.07433108810000814,8.731063394404038e-10,1.0,0.0
0,4,190,194,local_bwar,24.0,1.0,0.07758986879795969,7.850768970677918e-10,1.0,0.0
0,4,191,195,local_bwar,24.0,1.0,0.07807625177252736,7.559820781063786e-10,1.0,0.0
0,4,192,196,local_bwar,24.0,1.0,0.07139260576232033,7.765616868295323e-10,1.0,0.0
0,4,193,197,local_bwar,24.0,1.0,0.09123805424770615,7.724068707450165e-10,1.0,0.0
0,4,194,198,local_bwar,24.0,1.0,0.08250284832053781,8.517283026958661e-10,1.0,0.0
0,4,195,199,local_bwar,24.0,1.0,0.07849620721596469,9.413343072904368e-10,1.0,0.0
0,4,196,200,local_bwar,24.0,1.0,0.054365290419914815,9.679365609318891e-10,1.0,0.0
0,4,197,201,local_bwar,24.0,1.0,0.07468905394290162,8.708066523427746e-10,1.0,0.0
0,4,198,202,local_bwar,24.0,1.0,0.06893333181272661,8.471197780571607e-10,1.0,0.0
0,4,199,203,local_bwar,24.0,1.0,0.07513462642001224,9.100139405026132e-10,1.0,0.0
0,4,200,204,local_bwar,24.0,1.0,0.0781213749935152,9.974245441608353e-10,1.0,0.0
0,4,201,205,local_bwar,24.0,1.0,0.08473191092529155,9.77795486644746e-10,1.0,0.0
0,4,202,206,local_bwar,24.0,1.0,0.06698754221451199,8.886634028325199e-11,1.0,0.0
0,4,203,207,local_bwar,24.0,1.0,0.07678160397363668,9.515380083546373e-11,1.0,0.0
0,4,204,208,local_bwar,24.0,1.0,0.08421282040819555,9.849618838825432e-10,1.0,0.0
0,4,205,209,local_bwar,24.0,1.0,0.09973346982257637,7.61351786648465e-10,1.0,0.0
0,4,206,210,local_bwar,24.0,1.0,0.10403154857984823,6.563319330738443e-10,1.0,0.0
0,4,207,211,local_bwar,24.0,1.0,0.10756476571729821,3.2187406401785714e-10,1.0,0.0
0,4,208,212,local_bwar,24.0,1.0,0.1062320488940412,1.5478732501733475e-10,1.0,0.0
0,4,209,213,local_bwar,24.0,1.0,0.08283246647455664,6.094862659626756e-11,1.0,0.0
0,4,210,214,local_bwar,24.0,1.0,0.0877117613720155,8.857168874880913e-10,1.0,0.0
0,4,211,215,local_bwar,24.0,1.0,0.10475836620642555,8.809116365861258e-10,1.0,0.0
0,4,212,216,local_bwar,24.0,1.0,0.1302218960012824,8.811005194716779e-10,1.0,0.0
0,4,213,217,local_bwar,24.0,1.0,0.12648127385934188,8.536607723974579e-10,1.0,0.0
0,4,214,218,local_bwar,24.0,1.0,0.10871725036955103,9.081238590359876e-10,1.0,0.0
0,4,215,219,local_bwar,24.0,1.0,0.1367007112421199,9.248441330489828e-10,1.0,0.0
0,4,216,220,local_bwar,24.0,1.0,0.10677027649084701,8.84330266182373e-10,1.0,0.0
0,4,217,221,local_bwar,24.0,1.0,0.08944522334915792,9.003097641144808e-10,1.0,0.0
0,4,218,222,local_bwar,24.0,1.0,0.09284293220254572,9.960517040499352e-10,1.0,0.0
0,4,219,223,local_bwar,24.0,1.0,0.12298322758078255,9.92968320235356e-10,1.0,0.0
0,6,175,181,local_bwar,24.0,1.0,0.08069527892224705,4.8508261513484476e-11,1.0,0.0
0,6,176,182,local_bwar,24.0,1.0,0.090035532707626,4.7148366877900284e-11,1.0,0.0
0,6,177,183,local_bwar,24.0,1.0,0.09011794463460271,5.4219547916106385e-11,1.0,0.0
0,6,178,184,local_bwar,24.0,1.0,0.09129903392994217,5.468124700803897e-11,1.0,0.0
0,6,179,185,local_bwar,24.0,1.0,0.09294437462109352,9.739157678321313e-10,1.0,0.0
0,6,180,186,local_bwar,24.0,1.0,0.08618465982016943,9.156377426307832e-10,1.0,0.0
0,6,181,187,local_bwar,24.0,1.0,0.0803500225621844,9.606182869187867e-10,1.0,0.0
0,6,182,188,local_bwar,24.0,1.0,0.07997273620001498,4.540174321174041e-11,1.0,0.0
0,6,183,189,local_bwar,24.0,1.0,0.07774075581452061,7.03769051433883e-11,1.0,0.0
0,6,184,190,local_bwar,24.0,1.0,0.05425896708300166,1.6890097184843776e-10,1.0,0.0
0,6,185,191,local_bwar,24.0,1.0,1.0229886912136889e-08,3.3961041573034585e-10,1.0,0.0
0,6,186,192,local_bwar,24.0,1.0,0.06194922210027088,5.663169327523186e-10,1.0,0.0
0,6,187,193,local_bwar,24.0,1.0,0.07762797507481219,5.82168564957197e-10,1.0,0.0
0,6,188,194,local_bwar,24.0,1.0,0.06925530049677636,7.312239710168073e-10,1.0,0.0
0,6,189,195,local_bwar,24.0,1.0,0.08116991779222156,8.731063394404038e-10,1.0,0.0
0,6,190,196,local_bwar,24.0,1.0,0.0840544152635105,7.850768970677918e-10,1.0,0.0
0,6,191,197,local_bwar,24.0,1.0,0.08671816189677861,7.559820781063786e-10,1.0,0.0
0,6,192,198,local_bwar,24.0,1.0,0.08844738367737146,7.765616868295323e-10,1.0,0.0
0,6,193,199,local_bwar,24.0,1.0,0.08726120495869864,7.724068707450165e-10,1.0,0.0
0,6,194,200,local_bwar,24.0,1.0,0.07736748568593108,8.517283026958661e-10,1.0,0.0
0,6,195,201,local_bwar,24.0,1.0,0.07723132779288988,9.413343072904368e-10,1.0,0.0
0,6,196,202,local_bwar,24.0,1.0,0.08261609329602396,9.679365609318891e-10,1.0,0.0
0,6,197,203,local_bwar,24.0,1.0,0.08294327741340214,8.708066523427746e-10,1.0,0.0
0,6,198,204,local_bwar,24.0,1.0,0.08226475551013106,8.471197780571607e-10,1.0,0.0
0,6,199,205,local_bwar,24.0,1.0,0.08917444269661944,9.100139405026132e-10,1.0,0.0
0,6,200,206,local_bwar,24.0,1.0,0.09062606144161074,9.974245441608353e-10,1.0,0.0
0,6,201,207,local_bwar,24.0,1.0,0.0862650293043622,9.77795486644746e-10,1.0,0.0
0,6,202,208,local_bwar,24.0,1.0,0.08337783438234414,8.886634028325199e-11,1.0,0.0
0,6,203,209,local_bwar,24.0,1.0,0.09124870741381193,9.515380083546373e-11,1.0,0.0
0,6,204,210,local_bwar,24.0,1.0,0.09181829699680281,9.849618838825432e-10,1.0,0.0
0,6,205,211,local_bwar,24.0,1.0,0.11090999770969509,7.61351786648465e-10,1.0,0.0
0,6,206,212,local_bwar,24.0,1.0,0.12218122284291123,6.563319330738443e-10,1.0,0.0
0,6,207,213,local_bwar,24.0,1.0,0.1084938120018809,3.2187406401785714e-10,1.0,0.0
0,6,208,214,local_bwar,24.0,1.0,0.08803855212320093,1.5478732501733475e-10,1.0,0.0
0,6,209,215,local_bwar,24.0,1.0,0.10215642711889424,6.094862659626756e-11,1.0,0.0
0,6,210,216,local_bwar,24.0,1.0,0.1093340708572089,8.857168874880913e-10,1.0,0.0
0,6,211,217,local_bwar,24.0,1.0,0.13118482204594056,8.809116365861258e-10,1.0,0.0
0,6,212,218,local_bwar,24.0,1.0,0.13583863415662956,8.811005194716779e-10,1.0,0.0
0,6,213,219,local_bwar,24.0,1.0,0.1426212304697464,8.536607723974579e-10,1.0,0.0
0,6,214,220,local_bwar,24.0,1.0,0.1391953501227382,9.081238590359876e-10,1.0,0.0
0,6,215,221,local_bwar,24.0,1.0,0.11801952155183716,9.248441330489828e-10,1.0,0.0
0,6,216,222,local_bwar,24.0,1.0,0.09561792730245111,8.84330266182373e-10,1.0,0.0
0,6,217,223,local_bwar,24.0,1.0,0.10329507083084838,9.003097641144808e-10,1.0,0.0
1,3,221,224,local_bwar,48.0,1.0,0.08752130700496563,1.0961141561225875e-10,1.0,0.0
1,3,222,225,local_bwar,48.0,1.0,0.11838049371728794,1.0702956240852152e-10,1.0,0.0
1,3,223,226,local_bwar,48.0,1.0,0.10209277800404891,1.0344362860095621e-10,1.0,0.0
1,3,224,227,local_bwar,48.0,1.0,0.0878470950117124,1.0313769375047309e-10,1.0,0.0
1,3,225,228,local_bwar,48.0,1.0,0.1310496119014078,1.0286809378378291e-10,1.0,0.0
1,3,226,229,local_bwar,48.0,1.0,0.14443074633359507,1.064090545511832e-10,1.0,0.0
1,3,227,230,local_bwar,48.0,1.0,0.09348759441406138,1.0631821645568128e-10,1.0,0.0
1,3,228,231,local_bwar,48.0,1.0,0.1325545738420412,1.1040051694190929e-10,1.0,0.0
1,3,229,232,local_bwar,48.0,1.0,0.11292574792436902,1.0944881147254035e-10,1.0,0.0
1,3,230,233,local_bwar,48.0,1.0,0.1391526323654354,1.107483081651525e-10,1.0,0.0
1,3,231,234,local_bwar,48.0,1.0,0.08242549263541527,6.749373691430928e-11,1.0,0.0
1,3,232,235,local_bwar,48.0,1.0,0.0834399762990534,8.971006627263896e-10,1.0,0.0
1,3,233,236,local_bwar,48.0,1.0,0.10384750270945668,6.036738771358502e-10,1.0,0.0
1,3,234,237,local_bwar,48.0,1.0,0.08585397833909011,4.814975875371643e-10,1.0,0.0
1,3,235,238,local_bwar,48.0,1.0,0.10088751928821171,4.95271465943576e-10,1.0,0.0
1,3,236,239,local_bwar,48.0,1.0,0.10362006210445658,5.374929112250832e-10,1.0,0.0
1,3,237,240,local_bwar,48.0,1.0,0.10797627564932942,5.49318038955511e-10,1.0,0.0
1,3,238,241,local_bwar,48.0,1.0,0.0637887876329839,5.965624315113499e-10,1.0,0.0
1,3,239,242,local_bwar,48.0,1.0,0.0988043015251163,6.872107103968496e-10,1.0,0.0
1,3,240,243,local_bwar,48.0,1.0,0.10909530021060995,7.048620126013557e-10,1.0,0.0
1,3,241,244,local_bwar,48.0,1.0,0.1216955148782639,7.01855277196794e-10,1.0,0.0
1,3,242,245,local_bwar,48.0,1.0,0.050823697554942024,7.427804596105751e-10,1.0,0.0
1,3,243,246,local_bwar,48.0,1.0,0.0651565638806172,8.709688984947927e-10,1.0,0.0
1,3,244,247,local_bwar,48.0,1.0,0.12409474743308599,8.323485887976386e-10,1.0,0.0
1,3,245,248,local_bwar,48.0,1.0,0.09917501337030596,8.21848967338148e-10,1.0,0.0
1,3,246,249,local_bwar,48.0,1.0,0.061497474954227055,7.915324230532879e-10,1.0,0.0
1,3,247,250,local_bwar,48.0,1.0,0.04274180028606082,7.877196254345386e-10,1.0,0.0
1,3,248,251,local_bwar,48.0,1.0,0.08503072920214831,8.002242298790293e-10,1.0,0.0
1,3,249,252,local_bwar,48.0,1.0,0.058525205359433945,7.736897326248355e-10,1.0,0.0
1,3,250,253,local_bwar,48.0,1.0,0.08679349308512067,7.271139755316979e-10,1.0,0.0
1,3,251,254,local_bwar,48.0,1.0,0.09439671102969419,6.482790327901598e-10,1.0,0.0
1,3,252,255,local_bwar,48.0,1.0,0.07227103009908392,7.946359774128635e-10,1.0,0.0
1,3,253,256,local_bwar,48.0,1.0,0.07489796427550892,9.950603123167677e-10,1.0,0.0
1,3,254,257,local_bwar,48.0,1.0,0.07176316395519639,4.618431963327881e-11,1.0,0.0
1,3,255,258,local_bwar,48.0,1.0,0.07782584816259774,4.3002850926373375e-11,1.0,0.0
1,3,256,259,local_bwar,48.0,1.0,0.08688843826369672,4.291580366357503e-11,1.0,0.0
1,3,257,260,local_bwar,48.0,1.0,0.1174230613444383,8.4597210257873e-10,1.0,0.0
1,3,258,261,local_bwar,48.0,1.0,0.09040551524454411,7.477844010771439e-10,1.0,0.0
1,3,259,262,local_bwar,48.0,1.0,0.07256267470300692,8.065619190903927e-10,1.0,0.0
1,3,260,263,local_bwar,48.0,1.0,0.09121168413726873,4.2167036792552787e-11,1.0,0.0
1,3,261,264,local_bwar,48.0,1.0,0.11838345309489821,4.499305731457915e-11,1.0,0.0
1,3,262,265,local_bwar,48.0,1.0,0.14008916634747542,9.386947017097751e-10,1.0,0.0
1,3,263,266,local_bwar,48.0,1.0,0.05927138140236911,8.21329134168534e-10,1.0,0.0
1,4,220,224,local_bwar,48.0,1.0,0.12865338274527965,1.1379257337328353e-10,1.0,0.0
1,4,221,225,local_bwar,48.0,1.0,0.10729367486868935,1.0961141561225875e-10,1.0,0.0
1,4,222,226,local_bwar,48.0,1.0,0.12388176126748306,1.0702956240852152e-10,1.0,0.0
1,4,223,227,local_bwar,48.0,1.0,0.09511183612222505,1.0344362860095621e-10,1.0,0.0
1,4,224,228,local_bwar,48.0,1.0,0.08947559594075585,1.0313769375047309e-10,1.0,0.0
1,4,225,229,local_bwar,48.0,1.0,0.12698003381535924,1.0286809378378291e-10,1.0,0.0
1,4,226,230,local_bwar,48.0,1.0,0.13626278057069244,1.064090545511832e-10,1.0,0.0
1,4,227,231,local_bwar,48.0,1.0,0.09892000893680844,1.0631821645568128e-10,1.0,0.0
1,4,228,232,local_bwar,48.0,1.0,0.14871978987370033,1.1040051694190929e-10,1.0,0.0
1,4,229,233,local_bwar,48.0,1.0,0.12580873901386044,1.0944881147254035e-10,1.0,0.0
1,4,230,234,local_bwar,48.0,1.0,0.12856568775732802,1.107483081651525e-10,1.0,0.0
1,4,231,235,local_bwar,48.0,1.0,0.0823748830641968,6.749373691430928e-11,1.0,0.0
1,4,232,236,local_bwar,48.0,1.0,0.09820079434797487,8.971006627263896e-10,1.0,0.0
1,4,233,237,local_bwar,48.0,1.0,0.11795118759138451,6.036738771358502e-10,1.0,0.0
1,4,234,238,local_bwar,48.0,1.0,0.12625625698325565,4.814975875371643e-10,1.0,0.0
1,4,235,239,local_bwar,48.0,1.0,0.1275476275074808,4.95271465943576e-10,1.0,0.0
1,4,236,240,local_bwar,48.0,1.0,0.10371546053315388,5.374929112250832e-10,1.0,0.0
1,4,237,241,local_bwar,48.0,1.0,0.06909485475794294,5.49318038955511e-10,1.0,0.0
1,4,238,242,local_bwar,48.0,1.0,0.04389263915871443,5.965624315113499e-10,1.0,0.0
1,4,239,243,local_bwar,48.0,1.0,0.097664075693138,6.872107103968496e-10,1.0,0.0
1,4,240,244,local_bwar,48.0,1.0,0.10903534700168004,7.048620126013557e-10,1.0,0.0
1,4,241,245,local_bwar,48.0,1.0,0.12928602985556756,7.01855277196794e-10,1.0,0.0
1,4,242,246,local_bwar,48.0,1.0,0.08945039847533202,7.427804596105751e-10,1.0,0.0
1,4,243,247,local_bwar,48.0,1.0,0.11506576686982257,8.709688984947927e-10,1.0,0.0
1,4,244,248,local_bwar,48.0,1.0,0.12550644782973616,8.323485887976386e-10,1.0,0.0
1,4,245,249,local_bwar,48.0,1.0,0.08573395602223638,8.21848967338148e-10,1.0,0.0
1,4,246,250,local_bwar,48.0,1.0,0.06223825039081582,7.915324230532879e-10,1.0,0.0
1,4,247,251,local_bwar,48.0,1.0,0.04707223761059561,7.877196254345386e-10,1.0,0.0
1,4,248,252,local_bwar,48.0,1.0,0.08676702227534289,8.002242298790293e-10,1.0,0.0
1,4,249,253,local_bwar,48.0,1.0,0.06359141514761556,7.736897326248355e-10,1.0,0.0
1,4,250,254,local_bwar,48.0,1.0,0.09376357148713166,7.271139755316979e-10,1.0,0.0
1,4,251,255,local_bwar,48.0,1.0,0.0879781932903873,6.482790327901598e-10,1.0,0.0
1,4,252,256,local_bwar,48.0,1.0,0.06049531674971871,7.946359774128635e-10,1.0,0.0
1,4,253,257,local_bwar,48.0,1.0,0.07526982633391505,9.950603123167677e-10,1.0,0.0
1,4,254,258,local_bwar,48.0,1.0,0.08293830962983881,4.618431963327881e-11,1.0,0.0
1,4,255,259,local_bwar,48.0,1.0,0.10167722962260221,4.3002850926373375e-11,1.0,0.0
1,4,256,260,local_bwar,48.0,1.0,0.1231979604279594,4.291580366357503e-11,1.0,0.0
1,4,257,261,local_bwar,48.0,1.0,0.1174751177971505,8.4597210257873e-10,1.0,0.0
1,4,258,262,local_bwar,48.0,1.0,0.08081945156421094,7.477844010771439e-10,1.0,0.0
1,4,259,263,local_bwar,48.0,1.0,0.05995859088642813,8.065619190903927e-10,1.0,0.0
1,4,260,264,local_bwar,48.0,1.0,0.08013284551625183,4.2167036792552787e-11,1.0,0.0
1,4,261,265,local_bwar,48.0,1.0,0.11147210423945206,4.499305731457915e-11,1.0,0.0
1,4,262,266,local_bwar,48.0,1.0,0.14493821659998532,9.386947017097751e-10,1.0,0.0
1,6,218,224,local_bwar,48.0,1.0,0.10787988570000172,1.0424413230494388e-10,1.0,0.0
1,6,219,225,local_bwar,48.0,1.0,0.12974333477975344,1.100482224500189e-10,1.0,0.0
1,6,220,226,local_bwar,48.0,1.0,0.13298728032027,1.1379257337328353e-10,1.0,0.0
1,6,221,227,local_bwar,48.0,1.0,0.1230041846270402,1.0961141561225875e-10,1.0,0.0
1,6,222,228,local_bwar,48.0,1.0,0.12336340336226193,1.0702956240852152e-10,1.0,0.0
1,6,223,229,local_bwar,48.0,1.0,0.11036659736376973,1.0344362860095621e-10,1.0,0.0
1,6,224,230,local_bwar,48.0,1.0,0.13004018885087335,1.0313769375047309e-10,1.0,0.0
1,6,225,231,local_bwar,48.0,1.0,0.12098513617438827,1.0286809378378291e-10,1.0,0.0
1,6,226,232,local_bwar,48.0,1.0,0.11452240471240428,1.064090545511832e-10,1.0,0.0
1,6,227,233,local_bwar,48.0,1.0,0.09558013792707218,1.0631821645568128e-10,1.0,0.0
1,6,228,234,local_bwar,48.0,1.0,0.12767165095597974,1.1040051694190929e-10,1.0,0.0
1,6,229,235,local_bwar,48.0,1.0,0.12352876962497053,1.0944881147254035e-10,1.0,0.0
1,6,230,236,local_bwar,48.0,1.0,0.11490063248994628,1.107483081651525e-10,1.0,0.0
1,6,231,237,local_bwar,48.0,1.0,0.12348978577513273,6.749373691430928e-11,1.0,0.0
1,6,232,238,local_bwar,48.0,1.0,0.13125748465455442,8.971006627263896e-10,1.0,0.0
1,6,233,239,local_bwar,48.0,1.0,0.13233184223791694,6.036738771358502e-10,1.0,0.0
1,6,234,240,local_bwar,48.0,1.0,0.15063625332515065,4.814975875371643e-10,1.0,0.0
1,6,235,241,local_bwar,48.0,1.0,0.1325649000122715,4.95271465943576e-10,1.0,0.0
1,6,236,242,local_bwar,48.0,1.0,0.10237378577017145,5.374929112250832e-10,1.0,0.0
1,6,237,243,local_bwar,48.0,1.0,0.08347929623875915,5.49318038955511e-10,1.0,0.0
1,6,238,244,local_bwar,48.0,1.0,0.10525135198355856,5.965624315113499e-10,1.0,0.0
1,6,239,245,local_bwar,48.0,1.0,0.12157040506808524,6.872107103968496e-10,1.0,0.0
1,6,240,246,local_bwar,48.0,1.0,0.11436047904599853,7.048620126013557e-10,1.0,0.0
1,6,241,247,local_bwar,48.0,1.0,0.1366103780426923,7.01855277196794e-10,1.0,0.0
1,6,242,248,local_bwar,48.0,1.0,0.12932529682877875,7.427804596105751e-10,1.0,0.0
1,6,243,249,local_bwar,48.0,1.0,0.1423226226591287,8.709688984947927e-10,1.0,0.0
1,6,244,250,local_bwar,48.0,1.0,0.12898898710516657,8.323485887976386e-10,1.0,0.0
1,6,245,251,local_bwar,48.0,1.0,0.1169162104880817,8.21848967338148e-10,1.0,0.0
1,6,246,252,local_bwar,48.0,1.0,0.10142731601578282,7.915324230532879e-10,1.0,0.0
1,6,247,253,local_bwar,48.0,1.0,0.05854213798306662,7.877196254345386e-10,1.0,0.0
1,6,248,254,local_bwar,48.0,1.0,0.08789795405960092,8.002242298790293e-10,1.0,0.0
1,6,249,255,local_bwar,48.0,1.0,0.07112463995806019,7.736897326248355e-10,1.0,0.0
1,6,250,256,local_bwar,48.0,1.0,0.10597213919040172,7.271139755316979e-10,1.0,0.0
1,6,251,257,local_bwar,48.0,1.0,0.1207735756769965,6.482790327901598e-10,1.0,0.0
1,6,252,258,local_bwar,48.0,1.0,0.11771370501514951,7.946359774128635e-10,1.0,0.0
1,6,253,259,local_bwar,48.0,1.0,0.11418829425481086,9.950603123167677e-10,1.0,0.0
1,6,254,260,local_bwar,48.0,1.0,0.10864000009078494,4.618431963327881e-11,1.0,0.0
1,6,255,261,local_bwar,48.0,1.0,0.1273107388519931,4.3002850926373375e-11,1.0,0.0
1,6,256,262,local_bwar,48.0,1.0,0.12434643652880069,4.291580366357503e-11,1.0,0.0
1,6,257,263,local_bwar,48.0,1.0,0.10266927070681667,8.4597210257873e-10,1.0,0.0
1,6,258,264,local_bwar,48.0,1.0,0.08741949382378104,7.477844010771439e-10,1.0,0.0
1,6,259,265,local_bwar,48.0,1.0,0.09993316474413635,8.065619190903927e-10,1.0,0.0
1,6,260,266,local_bwar,48.0,1.0,0.1193813534108711,4.2167036792552787e-11,1.0,0.0
2,3,264,267,local_bwar,72.0,1.0,0.10871736374026486,5.586505670506494e-10,1.0,0.0
2,3,265,268,local_bwar,72.0,1.0,0.07981153407870908,5.704371833746481e-10,1.0,0.0
2,3,266,269,local_bwar,72.0,1.0,0.10436254936871742,5.754323326045216e-10,1.0,0.0
2,3,267,270,local_bwar,72.0,1.0,0.10097300101290337,5.94069104025117e-10,1.0,0.0
2,3,268,271,local_bwar,72.0,1.0,0.043621435003845674,6.127920753450702e-10,1.0,0.0
2,3,269,272,local_bwar,72.0,1.0,0.0836877469474739,6.259844347879007e-10,1.0,0.0
2,3,270,273,local_bwar,72.0,1.0,0.053183295750992524,6.233417447779941e-10,1.0,0.0
2,3,271,274,local_bwar,72.0,1.0,0.008994733715114955,6.484418040104892e-10,1.0,0.0
2,3,272,275,local_bwar,72.0,1.0,0.04660670095770467,6.616585417337719e-10,1.0,0.0
2,3,273,276,local_bwar,72.0,1.0,0.09448018412416208,7.079425998490667e-10,1.0,0.0
2,3,274,277,local_bwar,72.0,1.0,0.10008760168105246,7.747576354736439e-10,1.0,0.0
2,3,275,278,local_bwar,72.0,1.0,0.08700981778791143,8.894479198086174e-10,1.0,0.0
2,3,276,279,local_bwar,72.0,1.0,0.09142214409256778,9.437939343535964e-10,1.0,0.0
2,3,277,280,local_bwar,72.0,1.0,0.06707574468993266,4.755467105848515e-11,1.0,0.0
2,3,278,281,local_bwar,72.0,1.0,0.07479505804916577,5.0004537015611125e-11,1.0,0.0
2,3,279,282,local_bwar,72.0,1.0,0.10640285172917847,5.0483285278830325e-11,1.0,0.0
2,3,280,283,local_bwar,72.0,1.0,0.05520659684321299,5.4654521475208346e-11,1.0,0.0
2,3,281,284,local_bwar,72.0,1.0,0.07477987303777493,5.889733461591019e-11,1.0,0.0
2,3,282,285,local_bwar,72.0,1.0,0.09923579048541803,6.136888117283157e-11,1.0,0.0
2,3,283,286,local_bwar,72.0,1.0,0.0823206371487136,6.258046570477154e-11,1.0,0.0
2,3,284,287,local_bwar,72.0,1.0,0.06605460173648689,6.52761427894911e-11,1.0,0.0
2,3,285,288,local_bwar,72.0,1.0,0.0199816063023865,7.294108128457425e-11,1.0,0.0
2,3,286,289,local_bwar,72.0,1.0,0.11191004159081802,8.034731345475135e-11,1.0,0.0
2,3,287,290,local_bwar,72.0,1.0,0.1148198794336381,8.734490894897524e-11,1.0,0.0
2,3,288,291,local_bwar,72.0,1.0,0.11491666150270292,9.510192926018864e-11,1.0,0.0
2,3,289,292,local_bwar,72.0,1.0,0.1026304139303147,1.0285387527575223e-10,1.0,0.0
2,3,290,293,local_bwar,72.0,1.0,0.10130104039345851,1.0645026083214943e-10,1.0,0.0
2,3,291,294,local_bwar,72.0,1.0,0.1014840091677093,1.0474153449579568e-10,1.0,0.0
2,3,292,295,local_bwar,72.0,1.0,0.12868084558072615,1.0148183527645632e-10,1.0,0.0
2,3,293,296,local_bwar,72.0,1.0,0.13652550697852192,9.426145240193139e-11,1.0,0.0
2,3,294,297,local_bwar,72.0,1.0,0.10806694851448503,9.738033322632985e-11,1.0,0.0
2,3,295,298,local_bwar,72.0,1.0,0.11134487248527399,1.0197284735536522e-10,1.0,0.0
2,3,296,299,local_bwar,72.0,1.0,0.11045377420515315,1.116322966703682e-10,1.0,0.0
2,3,297,300,local_bwar,72.0,1.0,0.10370418979866866,1.1542672422164729e-10,1.0,0.0
2,3,298,301,local_bwar,72.0,1.0,0.036593602731160864,1.2411580768134606e-10,1.0,0.0
2,3,299,302,local_bwar,72.0,1.0,0.09518739144329184,1.3271610107556876e-10,1.0,0.0
2,3,300,303,local_bwar,72.0,1.0,0.10958259571936689,1.375904681199788e-10,1.0,0.0
2,3,301,304,local_bwar,72.0,1.0,0.09086077469443708,1.4483949785531918e-10,1.0,0.0
2,3,302,305,local_bwar,72.0,1.0,0.08133620171707394,1.5196738896071e-10,1.0,0.0
2,3,303,306,local_bwar,72.0,1.0,0.08566624086795512,1.608830187307992e-10,1.0,0.0
2,3,304,307,local_bwar,72.0,1.0,0.10067428195608047,1.6382699895399764e-10,1.0,0.0
2,3,305,308,local_bwar,72.0,1.0,0.08786271455910316,1.6476778953453704e-10,1.0,0.0
2,3,306,309,local_bwar,72.0,1.0,0.07542606281257329,1.6865197447803623e-10,1.0,0.0
2,4,263,267,local_bwar,48.0,1.0,0.0682580759318681,8.21329134168534e-10,1.0,0.0
2,4,264,268,local_bwar,48.0,1.0,0.08097114352527611,7.965779874468825e-10,1.0,0.0
2,4,265,269,local_bwar,48.0,1.0,0.02278214152957647,8.598938182596486e-10,1.0,0.0
2,4,266,270,local_bwar,48.0,1.0,0.08377015467244883,7.912028919503426e-10,1.0,0.0
2,4,267,271,local_bwar,48.0,1.0,0.102378302212726,7.786883220941755e-10,1.0,0.0
2,4,268,272,local_bwar,48.0,1.0,0.06607208180250027,8.161068106983291e-10,1.0,0.0
2,4,269,273,local_bwar,48.0,1.0,0.11440003206885017,7.816321101593119e-10,1.0,0.0
2,4,270,274,local_bwar,48.0,1.0,0.0916944959003127,7.119463660642972e-10,1.0,0.0
2,4,271,275,local_bwar,48.0,1.0,0.09789448076391367,7.351206501703992e-10,1.0,0.0
2,4,272,276,local_bwar,48.0,1.0,0.09346728842023111,7.757808192462958e-10,1.0,0.0
2,4,273,277,local_bwar,48.0,1.0,0.08720900415037866,8.745197711991706e-10,1.0,0.0
2,4,274,278,local_bwar,48.0,1.0,0.1239454303825907,9.949152098079988e-10,1.0,0.0
2,4,275,279,local_bwar,48.0,1.0,0.11065682182854705,4.65846856760946e-11,1.0,0.0
2,4,276,280,local_bwar,48.0,1.0,0.11092125660659582,4.611848898491975e-11,1.0,0.0
2,4,277,281,local_bwar,48.0,1.0,0.10701237845822582,5.0829249472607426e-11,1.0,0.0
2,4,278,282,local_bwar,48.0,1.0,0.08487044206823853,5.967781265926535e-11,1.0,0.0
2,4,279,283,local_bwar,48.0,1.0,0.10287425849388286,6.649410725906506e-11,1.0,0.0
2,4,280,284,local_bwar,48.0,1.0,0.07539116519614913,7.153968940869849e-11,1.0,0.0
2,4,281,285,local_bwar,48.0,1.0,0.0726347253031302,7.940585003670338e-11,1.0,0.0
2,4,282,286,local_bwar,48.0,1.0,0.10161801117474474,8.854802613277516e-11,1.0,0.0
2,4,283,287,local_bwar,48.0,1.0,0.09010515820142799,8.825290720930957e-11,1.0,0.0
2,4,284,288,local_bwar,48.0,1.0,0.08859009104538695,8.366454567891223e-11,1.0,0.0
2,4,285,289,local_bwar,48.0,1.0,0.07244665288175871,8.629477890338999e-11,1.0,0.0
2,4,286,290,local_bwar,48.0,1.0,0.10682467851273439,1.0226466876488546e-10,1.0,0.0
2,4,287,291,local_bwar,48.0,1.0,0.10089040940328593,1.1587092931587243e-10,1.0,0.0
2,4,288,292,local_bwar,48.0,1.0,0.10224189708513433,1.2749413681846254e-10,1.0,0.0
2,4,289,293,local_bwar,48.0,1.0,0.10890558934847105,1.3391725057641762e-10,1.0,0.0
2,4,290,294,local_bwar,48.0,1.0,0.13440105528400623,1.2784204078469073e-10,1.0,0.0
2,4,291,295,local_bwar,48.0,1.0,0.1456709062832794,9.968567750170051e-11,1.0,0.0
2,4,292,296,local_bwar,48.0,1.0,0.12963983026059472,9.365989185965676e-11,1.0,0.0
2,4,293,297,local_bwar,48.0,1.0,0.10390459676732676,8.652137691020262e-11,1.0,0.0
2,4,294,298,local_bwar,48.0,1.0,0.08893456253468648,7.25750231333576e-11,1.0,0.0
2,4,295,299,local_bwar,48.0,1.0,0.09580203560569844,6.783919809011811e-11,1.0,0.0
2,4,296,300,local_bwar,48.0,1.0,0.11320599771586917,7.293747339853768e-11,1.0,0.0
2,4,297,301,local_bwar,48.0,1.0,0.10838974807342408,6.93993354760809e-11,1.0,0.0
2,4,298,302,local_bwar,48.0,1.0,0.07354047609044945,6.819904265268621e-11,1.0,0.0
2,4,299,303,local_bwar,48.0,1.0,0.09440296288893489,6.569937640820007e-11,1.0,0.0
2,4,300,304,local_bwar,48.0,1.0,0.09169622693355882,6.121448213087048e-11,1.0,0.0
2,4,301,305,local_bwar,48.0,1.0,0.07531163386910941,9.834220759989947e-10,1.0,0.0
2,4,302,306,local_bwar,48.0,1.0,0.08693526250476678,9.506056169743708e-10,1.0,0.0
2,4,303,307,local_bwar,48.0,1.0,0.09846756303205997,6.331323647700392e-11,1.0,0.0
2,4,304,308,local_bwar,48.0,1.0,0.10077981178372387,6.284625828195075e-11,1.0,0.0
2,4,305,309,local_bwar,48.0,1.0,0.07786776900578476,6.064809440569545e-11,1.0,0.0
2,6,261,267,local_bwar,72.0,1.0,0.10576897935480357,5.608345587786096e-10,1.0,0.0
2,6,262,268,local_bwar,72.0,1.0,0.13350908076262183,5.563127090141033e-10,1.0,0.0
2,6,263,269,local_bwar,72.0,1.0,0.07914037043181721,5.523598563832541e-10,1.0,0.0
2,6,264,270,local_bwar,72.0,1.0,0.08748161015076338,5.586505670506494e-10,1.0,0.0
2,6,265,271,local_bwar,72.0,1.0,0.05402255553133383,5.704371833746481e-10,1.0,0.0
2,6,266,272,local_bwar,72.0,1.0,0.11118410925346554,5.754323326045216e-10,1.0,0.0
2,6,267,273,local_bwar,72.0,1.0,0.1415265125818189,5.94069104025117e-10,1.0,0.0
2,6,268,274,local_bwar,72.0,1.0,0.12614192156206586,6.127920753450702e-10,1.0,0.0
2,6,269,275,local_bwar,72.0,1.0,0.1105875668436675,6.259844347879007e-10,1.0,0.0
2,6,270,276,local_bwar,72.0,1.0,0.10817765157137796,6.233417447779941e-10,1.0,0.0
2,6,271,277,local_bwar,72.0,1.0,0.0779755196171617,6.484418040104892e-10,1.0,0.0
2,6,272,278,local_bwar,72.0,1.0,0.08734610235587043,6.616585417337719e-10,1.0,0.0
2,6,273,279,local_bwar,72.0,1.0,0.0915004517340001,7.079425998490667e-10,1.0,0.0
2,6,274,280,local_bwar,72.0,1.0,0.11686884461126919,7.747576354736439e-10,1.0,0.0
2,6,275,281,local_bwar,72.0,1.0,0.11078135890844899,8.894479198086174e-10,1.0,0.0
2,6,276,282,local_bwar,72.0,1.0,0.13116501442585854,9.437939343535964e-10,1.0,0.0
2,6,277,283,local_bwar,72.0,1.0,0.11958419701808401,4.755467105848515e-11,1.0,0.0
2,6,278,284,local_bwar,72.0,1.0,0.06970023095924913,5.0004537015611125e-11,1.0,0.0
2,6,279,285,local_bwar,72.0,1.0,0.07147972518102667,5.0483285278830325e-11,1.0,0.0
2,6,280,286,local_bwar,72.0,1.0,0.06708780412817998,5.4654521475208346e-11,1.0,0.0
2,6,281,287,local_bwar,72.0,1.0,0.09457630662836285,5.889733461591019e-11,1.0,0.0
2,6,282,288,local_bwar,72.0,1.0,0.1238214142401329,6.136888117283157e-11,1.0,0.0
2,6,283,289,local_bwar,72.0,1.0,0.06899048980931094,6.258046570477154e-11,1.0,0.0
2,6,284,290,local_bwar,72.0,1.0,0.11022034091523393,6.52761427894911e-11,1.0,0.0
2,6,285,291,local_bwar,72.0,1.0,0.06671164942975488,7.294108128457425e-11,1.0,0.0
2,6,286,292,local_bwar,72.0,1.0,0.059702739858852126,8.034731345475135e-11,1.0,0.0
2,6,287,293,local_bwar,72.0,1.0,0.0762814357560348,8.734490894897524e-11,1.0,0.0
2,6,288,294,local_bwar,72.0,1.0,0.10681430293114412,9.510192926018864e-11,1.0,0.0
2,6,289,295,local_bwar,72.0,1.0,0.11767622766299485,1.0285387527575223e-10,1.0,0.0
2,6,290,296,local_bwar,72.0,1.0,0.12366275313623966,1.0645026083214943e-10,1.0,0.0
2,6,291,297,local_bwar,72.0,1.0,0.11748873217387981,1.0474153449579568e-10,1.0,0.0
2,6,292,298,local_bwar,72.0,1.0,0.11139234690976021,1.0148183527645632e-10,1.0,0.0
2,6,293,299,local_bwar,72.0,1.0,0.09540201282720434,9.426145240193139e-11,1.0,0.0
2,6,294,300,local_bwar,72.0,1.0,0.10066615783136443,9.738033322632985e-11,1.0,0.0
2,6,295,301,local_bwar,72.0,1.0,0.09899197925761016,1.0197284735536522e-10,1.0,0.0
2,6,296,302,local_bwar,72.0,1.0,0.10663884602733452,1.116322966703682e-10,1.0,0.0
2,6,297,303,local_bwar,72.0,1.0,0.1057993975300672,1.1542672422164729e-10,1.0,0.0
2,6,298,304,local_bwar,72.0,1.0,0.08649406936855654,1.2411580768134606e-10,1.0,0.0
2,6,299,305,local_bwar,72.0,1.0,0.0820832480308969,1.3271610107556876e-10,1.0,0.0
2,6,300,306,local_bwar,72.0,1.0,0.09998243432743226,1.375904681199788e-10,1.0,0.0
2,6,301,307,local_bwar,72.0,1.0,0.10590641875874467,1.4483949785531918e-10,1.0,0.0
2,6,302,308,local_bwar,72.0,1.0,0.10815664971904063,1.5196738896071e-10,1.0,0.0
2,6,303,309,local_bwar,72.0,1.0,0.10755314379987997,1.608830187307992e-10,1.0,0.0
3,3,307,310,local_bwar,24.0,1.0,0.041820413589080396,9.382352178572741e-11,1.0,0.0
3,3,308,311,local_bwar,24.0,1.0,0.06587182836226438,8.150847841958488e-11,1.0,0.0
3,3,309,312,local_bwar,24.0,1.0,0.07799294187363257,6.752190967201235e-11,1.0,0.0
3,3,310,313,local_bwar,24.0,1.0,0.0877384499626747,7.027744079878209e-11,1.0,0.0
3,3,311,314,local_bwar,24.0,1.0,0.07553196571520253,7.485594893340723e-11,1.0,0.0
3,3,312,315,local_bwar,24.0,1.0,0.06000627179899288,7.832138449287879e-11,1.0,0.0
3,3,313,316,local_bwar,24.0,1.0,0.06579232126071011,8.790772745342395e-11,1.0,0.0
3,3,314,317,local_bwar,24.0,1.0,0.06805554291546537,9.079233387323666e-11,1.0,0.0
3,3,315,318,local_bwar,24.0,1.0,0.056481592520778834,7.625475802975148e-11,1.0,0.0
3,3,316,319,local_bwar,24.0,1.0,0.06694870721049599,8.552430852817775e-11,1.0,0.0
3,3,317,320,local_bwar,24.0,1.0,0.07839798727337366,1.066303481525356e-10,1.0,0.0
3,3,318,321,local_bwar,24.0,1.0,0.06943654111236727,1.0795151588659401e-10,1.0,0.0
3,3,319,322,local_bwar,24.0,1.0,0.04382488419258155,1.0487668251399394e-10,1.0,0.0
3,3,320,323,local_bwar,24.0,1.0,0.04338428548172633,1.2372683937266543e-10,1.0,0.0
3,3,321,324,local_bwar,24.0,1.0,0.07563926067762655,1.3818488859963942e-10,1.0,0.0
3,3,322,325,local_bwar,24.0,1.0,0.06621361647086396,1.6390902965732823e-10,1.0,0.0
3,3,323,326,local_bwar,24.0,1.0,0.033182552455698795,1.9255834304995528e-10,1.0,0.0
3,3,324,327,local_bwar,24.0,1.0,0.03559353917836241,2.256410352561337e-10,1.0,0.0
3,3,325,328,local_bwar,24.0,1.0,0.021670692528368833,2.621687740395764e-10,1.0,0.0
3,3,326,329,local_bwar,24.0,1.0,0.028276799358882332,2.7759141246158357e-10,1.0,0.0
3,3,327,330,local_bwar,24.0,1.0,0.026029913982475745,2.598945430284202e-10,1.0,0.0
3,3,328,331,local_bwar,24.0,1.0,0.03125918800546676,1.9821483293016944e-10,1.0,0.0
3,3,329,332,local_bwar,24.0,1.0,0.0329895192146914,1.5139789004458167e-10,1.0,0.0
3,3,330,333,local_bwar,24.0,1.0,0.0032185455554537973,1.2540397121659453e-10,1.0,0.0
3,3,331,334,local_bwar,24.0,1.0,1.0005681338374993e-08,1.1494011620696966e-10,1.0,0.0
3,3,332,335,local_bwar,24.0,1.0,1.0003410600854483e-08,1.2329487401794543e-10,1.0,0.0
3,3,333,336,local_bwar,24.0,1.0,0.006112864736842849,1.6197989902123897e-10,1.0,0.0
3,3,334,337,local_bwar,24.0,1.0,0.02068569131112072,1.8892603147841464e-10,1.0,0.0
3,3,335,338,local_bwar,24.0,1.0,0.0229517860281633,2.2527195415279933e-10,1.0,0.0
3,3,336,339,local_bwar,24.0,1.0,0.02031431734201783,1.8978468464920183e-10,1.0,0.0
3,3,337,340,local_bwar,24.0,1.0,0.01698359641865036,1.3392216084466403e-10,1.0,0.0
3,3,338,341,local_bwar,24.0,1.0,0.013347932835254246,1.4745258822738806e-10,1.0,0.0
3,3,339,342,local_bwar,24.0,1.0,0.01735483543257078,1.5551915513462083e-10,1.0,0.0
3,3,340,343,local_bwar,24.0,1.0,0.02261200187046733,1.480104594007861e-10,1.0,0.0
3,3,341,344,local_bwar,24.0,1.0,0.034117393019269415,1.3453143933679546e-10,1.0,0.0
3,3,342,345,local_bwar,24.0,1.0,0.026126817464448355,1.306376357450064e-10,1.0,0.0
3,3,343,346,local_bwar,24.0,1.0,0.013883165181108817,1.1991738433549567e-10,1.0,0.0
3,3,344,347,local_bwar,24.0,1.0,0.01262595469446441,1.1160730206675948e-10,1.0,0.0
3,3,345,348,local_bwar,24.0,1.0,0.013923952557996765,1.0587467058773119e-10,1.0,0.0
3,3,346,349,local_bwar,24.0,1.0,0.010687217471696457,1.1200580451976294e-10,1.0,0.0
3,3,347,350,local_bwar,24.0,1.0,0.00902672615244371,1.2200583344019044e-10,1.0,0.0
3,3,348,351,local_bwar,24.0,1.0,0.008444734803632292,1.1177353990511919e-10,1.0,0.0
3,3,349,352,local_bwar,24.0,1.0,0.009368302877627004,1.2617521669375532e-10,1.0,0.0
3,4,306,310,local_bwar,24.0,1.0,0.07104944377391599,9.552536659656145e-11,1.0,0.0
3,4,307,311,local_bwar,24.0,1.0,0.06428268750173222,9.382352178572741e-11,1.0,0.0
3,4,308,312,local_bwar,24.0,1.0,0.0604845635002242,8.150847841958488e-11,1.0,0.0
3,4,309,313,local_bwar,24.0,1.0,0.07286925608083177,6.752190967201235e-11,1.0,0.0
3,4,310,314,local_bwar,24.0,1.0,0.0862247545086385,7.027744079878209e-11,1.0,0.0
3,4,311,315,local_bwar,24.0,1.0,0.08068769727638436,7.485594893340723e-11,1.0,0.0
3,4,312,316,local_bwar,24.0,1.0,0.057445245952452664,7.832138449287879e-11,1.0,0.0
3,4,313,317,local_bwar,24.0,1.0,0.07270843468627645,8.790772745342395e-11,1.0,0.0
3,4,314,318,local_bwar,24.0,1.0,0.06464565324461113,9.079233387323666e-11,1.0,0.0
3,4,315,319,local_bwar,24.0,1.0,0.047551296768585716,7.625475802975148e-11,1.0,0.0
3,4,316,320,local_bwar,24.0,1.0,0.06049739408534724,8.552430852817775e-11,1.0,0.0
3,4,317,321,local_bwar,24.0,1.0,0.07454668474680674,1.066303481525356e-10,1.0,0.0
3,4,318,322,local_bwar,24.0,1.0,0.06722952357683681,1.0795151588659401e-10,1.0,0.0
3,4,319,323,local_bwar,24.0,1.0,0.05727933652844168,1.0487668251399394e-10,1.0,0.0
3,4,320,324,local_bwar,24.0,1.0,0.04323879120572087,1.2372683937266543e-10,1.0,0.0
3,4,321,325,local_bwar,24.0,1.0,0.06582459002280075,1.3818488859963942e-10,1.0,0.0
3,4,322,326,local_bwar,24.0,1.0,0.047004148414766043,1.6390902965732823e-10,1.0,0.0
3,4,323,327,local_bwar,24.0,1.0,0.04558494555115259,1.9255834304995528e-10,1.0,0.0
3,4,324,328,local_bwar,24.0,1.0,0.03214278319853048,2.256410352561337e-10,1.0,0.0
3,4,325,329,local_bwar,24.0,1.0,0.027769383897989882,2.621687740395764e-10,1.0,0.0
3,4,326,330,local_bwar,24.0,1.0,0.02983102029114469,2.7759141246158357e-10,1.0,0.0
3,4,327,331,local_bwar,24.0,1.0,0.029106088656911958,2.598945430284202e-10,1.0,0.0
3,4,328,332,local_bwar,24.0,1.0,0.03569673930675288,1.9821483293016944e-10,1.0,0.0
3,4,329,333,local_bwar,24.0,1.0,0.03551257412453403,1.5139789004458167e-10,1.0,0.0
3,4,330,334,local_bwar,24.0,1.0,0.002674545145521321,1.2540397121659453e-10,1.0,0.0
3,4,331,335,local_bwar,24.0,1.0,1.0005569908782262e-08,1.1494011620696966e-10,1.0,0.0
3,4,332,336,local_bwar,24.0,1.0,1.0003410622751898e-08,1.2329487401794543e-10,1.0,0.0
3,4,333,337,local_bwar,24.0,1.0,0.005479057275135897,1.6197989902123897e-10,1.0,0.0
3,4,334,338,local_bwar,24.0,1.0,0.02321190338897554,1.8892603147841464e-10,1.0,0.0
3,4,335,339,local_bwar,24.0,1.0,0.027296504668825845,2.2527195415279933e-10,1.0,0.0
3,4,336,340,local_bwar,24.0,1.0,0.028161295722756826,1.8978468464920183e-10,1.0,0.0
3,4,337,341,local_bwar,24.0,1.0,0.020575293301207078,1.3392216084466403e-10,1.0,0.0
3,4,338,342,local_bwar,24.0,1.0,0.01603939251853735,1.4745258822738806e-10,1.0,0.0
3,4,339,343,local_bwar,24.0,1.0,0.016425594566915135,1.5551915513462083e-10,1.0,0.0
3,4,340,344,local_bwar,24.0,1.0,0.01741758294768675,1.480104594007861e-10,1.0,0.0
3,4,341,345,local_bwar,24.0,1.0,0.029224090229621944,1.3453143933679546e-10,1.0,0.0
3,4,342,346,local_bwar,24.0,1.0,0.027651521232390508,1.306376357450064e-10,1.0,0.0
3,4,343,347,local_bwar,24.0,1.0,0.01943058092247108,1.1991738433549567e-10,1.0,0.0
3,4,344,348,local_bwar,24.0,1.0,0.015702955206115733,1.1160730206675948e-10,1.0,0.0
3,4,345,349,local_bwar,24.0,1.0,0.014171486575000869,1.0587467058773119e-10,1.0,0.0
3,4,346,350,local_bwar,24.0,1.0,0.01015606723192531,1.1200580451976294e-10,1.0,0.0
3,4,347,351,local_bwar,24.0,1.0,0.007936718898936438,1.2200583344019044e-10,1.0,0.0
3,4,348,352,local_bwar,24.0,1.0,0.007937137745932483,1.1177353990511919e-10,1.0,0.0
3,6,304,310,local_bwar,24.0,0.001,0.0580022176858382,7.207395582224e-11,1.0,0.0
3,6,305,311,local_bwar,24.0,0.001,0.06743487790073995,8.547061507908576e-11,1.0,0.0
3,6,306,312,local_bwar,24.0,0.001,0.06052596667217069,9.552536659656145e-11,1.0,0.0
3,6,307,313,local_bwar,24.0,0.001,0.047916414324742015,9.382352178572741e-11,1.0,0.0
3,6,308,314,local_bwar,24.0,0.001,0.04817682264357402,8.150847841958488e-11,1.0,0.0
3,6,309,315,local_bwar,24.0,0.001,0.07856638418735497,6.752190967201235e-11,1.0,0.0
3,6,310,316,local_bwar,24.0,0.001,0.08140626992706933,7.027744079878209e-11,1.0,0.0
3,6,311,317,local_bwar,24.0,0.001,0.07654929073855454,7.485594893340723e-11,1.0,0.0
3,6,312,318,local_bwar,24.0,0.001,0.0668618625445858,7.832138449287879e-11,1.0,0.0
3,6,313,319,local_bwar,24.0,0.001,0.061697366476314706,8.790772745342395e-11,1.0,0.0
3,6,314,320,local_bwar,24.0,0.001,0.05930632905698166,9.079233387323666e-11,1.0,0.0
3,6,315,321,local_bwar,24.0,0.001,0.03149851898593828,7.625475802975148e-11,1.0,0.0
3,6,316,322,local_bwar,24.0,0.001,0.051461270403348094,8.552430852817775e-11,1.0,0.0
3,6,317,323,local_bwar,24.0,0.001,0.06515132055546616,1.066303481525356e-10,1.0,0.0
3,6,318,324,local_bwar,24.0,0.001,0.0782662476553528,1.0795151588659401e-10,1.0,0.0
3,6,319,325,local_bwar,24.0,0.001,0.06852377503924889,1.0487668251399394e-10,1.0,0.0
3,6,320,326,local_bwar,24.0,0.001,0.02808463352227417,1.2372683937266543e-10,1.0,0.0
3,6,321,327,local_bwar,24.0,0.001,0.057046047618418666,1.3818488859963942e-10,1.0,0.0
3,6,322,328,local_bwar,24.0,0.001,0.020526661937024904,1.6390902965732823e-10,1.0,0.0
3,6,323,329,local_bwar,24.0,0.001,0.018375811659974678,1.9255834304995528e-10,1.0,0.0
3,6,324,330,local_bwar,24.0,0.001,0.03226541348859234,2.256410352561337e-10,1.0,0.0
3,6,325,331,local_bwar,24.0,0.001,0.050003603743401896,2.621687740395764e-10,1.0,0.0
3,6,326,332,local_bwar,24.0,0.001,0.04113517496739933,2.7759141246158357e-10,1.0,0.0
3,6,327,333,local_bwar,24.0,0.001,0.038258888728820245,2.598945430284202e-10,1.0,0.0
3,6,328,334,local_bwar,24.0,0.001,0.03722486517283785,1.9821483293016944e-10,1.0,0.0
3,6,329,335,local_bwar,24.0,0.001,0.027099864807348918,1.5139789004458167e-10,1.0,0.0
3,6,330,336,local_bwar,24.0,0.001,1.0008004524862843e-08,1.2540397121659453e-10,1.0,0.0
3,6,331,337,local_bwar,24.0,0.001,1.0003410598560235e-08,1.1494011620696966e-10,1.0,0.0
3,6,332,338,local_bwar,24.0,0.001,0.007778843961120646,1.2329487401794543e-10,1.0,0.0
3,6,333,339,local_bwar,24.0,0.001,0.010456614100298602,1.6197989902123897e-10,1.0,0.0
3,6,334,340,local_bwar,24.0,0.001,0.03438721852450738,1.8892603147841464e-10,1.0,0.0
3,6,335,341,local_bwar,24.0,0.001,0.02024422128178156,2.2527195415279933e-10,1.0,0.0
3,6,336,342,local_bwar,24.0,0.001,0.024406211706644428,1.8978468464920183e-10,1.0,0.0
3,6,337,343,local_bwar,24.0,0.001,0.017609231852325866,1.3392216084466403e-10,1.0,0.0
3,6,338,344,local_bwar,24.0,0.001,0.016249634527221783,1.4745258822738806e-10,1.0,0.0
3,6,339,345,local_bwar,24.0,0.001,0.013891588214645438,1.5551915513462083e-10,1.0,0.0
3,6,340,346,local_bwar,24.0,0.001,0.007553773312577747,1.480104594007861e-10,1.0,0.0
3,6,341,347,local_bwar,24.0,0.001,0.023832111341438544,1.3453143933679546e-10,1.0,0.0
3,6,342,348,local_bwar,24.0,0.001,0.026736250355994508,1.306376357450064e-10,1.0,0.0
3,6,343,349,local_bwar,24.0,0.001,0.013707991745207886,1.1991738433549567e-10,1.0,0.0
3,6,344,350,local_bwar,24.0,0.001,0.012135536455261086,1.1160730206675948e-10,1.0,0.0
3,6,345,351,local_bwar,24.0,0.001,0.012524368654611252,1.0587467058773119e-10,1.0,0.0
3,6,346,352,local_bwar,24.0,0.001,0.006305724172468413,1.1200580451976294e-10,1.0,0.0
4,3,350,353,local_bwar,24.0,1.0,0.008557367635791464,1.4635533341319312e-10,1.0,0.0
4,3,351,354,local_bwar,24.0,1.0,0.0077475275360279995,3.247347901219656e-10,1.0,0.0
4,3,352,355,local_bwar,24.0,1.0,0.005455679077218119,4.3134793264008656e-10,1.0,0.0
4,3,353,356,local_bwar,24.0,1.0,0.006479386667032075,5.221023317708859e-10,1.0,0.0
4,3,354,357,local_bwar,24.0,1.0,0.0064414383683818344,6.60930680193041e-10,1.0,0.0
4,3,355,358,local_bwar,24.0,1.0,0.007865583121988422,8.554924795477185e-10,1.0,0.0
4,3,356,359,local_bwar,24.0,1.0,0.006246481808982614,9.421693774950109e-10,1.0,0.0
4,3,357,360,local_bwar,24.0,1.0,0.0071592732913397,1.0769610649628062e-10,1.0,0.0
4,3,358,361,local_bwar,24.0,1.0,0.006650084014684301,1.6089564285138215e-10,1.0,0.0
4,3,359,362,local_bwar,24.0,1.0,0.0063940280073998485,1.982292164903942e-10,1.0,0.0
4,3,360,363,local_bwar,24.0,1.0,0.006448020816720724,2.5021353532326067e-10,1.0,0.0
4,4,349,353,local_bwar,24.0,0.1,0.005061127990279467,1.2617521669375532e-10,1.0,0.0
4,4,350,354,local_bwar,24.0,0.1,0.006742935131653609,1.4635533341319312e-10,1.0,0.0
4,4,351,355,local_bwar,24.0,0.1,0.008716896666000536,3.247347901219656e-10,1.0,0.0
4,4,352,356,local_bwar,24.0,0.1,0.005917692892327126,4.3134793264008656e-10,1.0,0.0
4,4,353,357,local_bwar,24.0,0.1,0.0066433307166265014,5.221023317708859e-10,1.0,0.0
4,4,354,358,local_bwar,24.0,0.1,0.0037945579008574573,6.60930680193041e-10,1.0,0.0
4,4,355,359,local_bwar,24.0,0.1,0.007140438622174627,8.554924795477185e-10,1.0,0.0
4,4,356,360,local_bwar,24.0,0.1,0.00507828730084969,9.421693774950109e-10,1.0,0.0
4,4,357,361,local_bwar,24.0,0.1,0.007503441328037836,1.0769610649628062e-10,1.0,0.0
4,4,358,362,local_bwar,24.0,0.1,0.0069093889331696854,1.6089564285138215e-10,1.0,0.0
4,4,359,363,local_bwar,24.0,0.1,0.004698804529578245,1.982292164903942e-10,1.0,0.0
4,6,347,353,local_bwar,24.0,1e-06,0.005413394531427698,1.2200583344019044e-10,1.0,0.0
4,6,348,354,local_bwar,24.0,1e-06,0.006074068937366953,1.1177353990511919e-10,1.0,0.0
4,6,349,355,local_bwar,24.0,1e-06,0.006820143214571128,1.2617521669375532e-10,1.0,0.0
4,6,350,356,local_bwar,24.0,1e-06,0.009914960733586473,1.4635533341319312e-10,1.0,0.0
4,6,351,357,local_bwar,24.0,1e-06,0.007474999826286079,3.247347901219656e-10,1.0,0.0
4,6,352,358,local_bwar,24.0,1e-06,0.0053885908364281155,4.3134793264008656e-10,1.0,0.0
4,6,353,359,local_bwar,24.0,1e-06,0.006168221530161725,5.221023317708859e-10,1.0,0.0
4,6,354,360,local_bwar,24.0,1e-06,0.002851656594410232,6.60930680193041e-10,1.0,0.0
4,6,355,361,local_bwar,24.0,1e-06,0.007083956639851058,8.554924795477185e-10,1.0,0.0
4,6,356,362,local_bwar,24.0,1e-06,0.00469336638396683,9.421693774950109e-10,1.0,0.0
4,6,357,363,local_bwar,24.0,1e-06,0.006255674982398036,1.0769610649628062e-10,1.0,0.0
