job,dataset,origin,method,selected_reference,horizon,n_matrices,dimension,fit_end,val_end,test_end,ar_model,selection_metric,domain_metric,domain_metric_label,window,step,months,physical_units,seasonal_period_windows,station_selection_block,standardization_block,evaluation_protocol,ridge,val_w2_mean,val_w2_median,val_log_score_mean,val_log_score_median,val_domain_loss_mean,val_domain_loss_median,test_w2_mean,test_w2_median,test_w2_q90,test_log_score_mean,test_log_score_median,test_log_score_q90,test_domain_loss_mean,test_domain_loss_median,test_domain_loss_q90,n_test_pairs,min_pred_eig,candidate,display_dataset,dataset_label,dimension_arg,h0,q_dimension
divvy_2024_w72_s24_d30,divvy,0,persistence,,3,364,30,127,181,224,full,domain,divvy_standardized_raw_mean_rmse,Divvy training-standardized station-demand mean RMSE,72,24,"202401,202402,202403,202404,202405,202406,202407,202408,202409,202410,202411,202412",training-standardized,1,first_origin_fit,first_origin_fit,fractional_rolling_origin,,27.532902384902357,26.926265618364223,84.91580512485012,74.92124086316949,0.45598592756148004,0.4991806129216029,35.09675288749351,33.24945968958164,54.39636999436583,7510.309333220093,81.06186161544589,107.88630790284725,0.5423856362740843,0.5642028913881848,0.7314569623795683,43,9.999999999247803e-06,divvy,Divvy,bike-share station trip-count level,30,3,495
divvy_2024_w72_s24_d30,divvy,0,raw_var_window_ar,,3,364,30,127,181,224,full,domain,divvy_standardized_raw_mean_rmse,Divvy training-standardized station-demand mean RMSE,72,24,"202401,202402,202403,202404,202405,202406,202407,202408,202409,202410,202411,202412",training-standardized,1,first_origin_fit,first_origin_fit,fractional_rolling_origin,10.0,95.70721432176532,102.42562377472227,1055380277.8109255,1123379197.7742562,0.848587471583133,0.8684624178947158,111.45579424087082,111.66455600838079,137.68435620248985,1326535464.0875704,1243111020.2178357,1676690857.2185452,0.8567466061432862,0.8727440105493932,1.085798439022619,43,,divvy,Divvy,bike-share station trip-count level,30,3,495
divvy_2024_w72_s24_d30,divvy,0,seasonal_window_naive,,3,364,30,127,181,224,full,domain,divvy_standardized_raw_mean_rmse,Divvy training-standardized station-demand mean RMSE,72,24,"202401,202402,202403,202404,202405,202406,202407,202408,202409,202410,202411,202412",training-standardized,1,first_origin_fit,first_origin_fit,fractional_rolling_origin,,27.532983956164113,26.926268630505305,84.92564104032455,74.92780062421406,0.45598592756147993,0.4991806129216028,35.0971162364685,33.249607368397385,54.396449290135905,7431475.281017874,81.34715510859039,113.74752868820018,0.5423856362740842,0.5642028913881847,0.7314569623795683,43,9.99999947872539e-09,divvy,Divvy,bike-share station trip-count level,30,3,495
divvy_2024_w72_s24_d30,divvy,0,euclidean_gaussian_ar,,3,364,30,127,181,224,full,domain,divvy_standardized_raw_mean_rmse,Divvy training-standardized station-demand mean RMSE,72,24,"202401,202402,202403,202404,202405,202406,202407,202408,202409,202410,202411,202412",training-standardized,1,first_origin_fit,first_origin_fit,fractional_rolling_origin,10.0,38.676735967251666,34.87579454590931,1064370563.6207594,900952041.007516,0.6136209282761718,0.5801339005320745,20.84589292389404,18.964491027276956,34.14127869561059,59940642.9914729,26641581.12667822,187611051.38949353,0.4299493453403273,0.39797231516486986,0.6267123761903712,43,9.999999007414041e-09,divvy,Divvy,bike-share station trip-count level,30,3,495
divvy_2024_w72_s24_d30,divvy,0,cholesky_gaussian_ar,,3,364,30,127,181,224,full,domain,divvy_standardized_raw_mean_rmse,Divvy training-standardized station-demand mean RMSE,72,24,"202401,202402,202403,202404,202405,202406,202407,202408,202409,202410,202411,202412",training-standardized,1,first_origin_fit,first_origin_fit,fractional_rolling_origin,10.0,24.601448986541087,23.436324660585697,64.95165009456079,66.2822419898219,0.5213485807238412,0.529344601486401,18.448570687049052,16.842140111098985,29.262694686668674,224.20929368862258,55.01403388333944,69.73600797094909,0.3778314678771236,0.34996186142859376,0.5512847842702253,43,0.0007460387898842598,divvy,Divvy,bike-share station trip-count level,30,3,495
divvy_2024_w72_s24_d30,divvy,0,log_euclidean_gaussian_ar,,3,364,30,127,181,224,full,domain,divvy_standardized_raw_mean_rmse,Divvy training-standardized station-demand mean RMSE,72,24,"202401,202402,202403,202404,202405,202406,202407,202408,202409,202410,202411,202412",training-standardized,1,first_origin_fit,first_origin_fit,fractional_rolling_origin,10.0,25.674058819274457,24.663430049202653,70.03342088210799,70.12395468734137,0.5402029363077978,0.553717490338153,20.682198685675537,16.81147209616621,36.97548672078221,83.39768378150552,54.40339419427485,66.86629386734936,0.38194482131399926,0.3552430676649838,0.5390581610123881,43,0.005639910466557753,divvy,Divvy,bike-share station trip-count level,30,3,495
divvy_2024_w72_s24_d30,divvy,0,persistence,,4,364,30,127,181,224,full,domain,divvy_standardized_raw_mean_rmse,Divvy training-standardized station-demand mean RMSE,72,24,"202401,202402,202403,202404,202405,202406,202407,202408,202409,202410,202411,202412",training-standardized,1,first_origin_fit,first_origin_fit,fractional_rolling_origin,,27.621803005375504,25.66139998019976,84.8904034749492,75.54548546917911,0.455065161328282,0.4852218970172321,36.45535235230564,33.88070716297857,56.912909189273854,12973.985105292228,80.74948338334015,124.6714291138147,0.5589266855371108,0.5719877177466418,0.735421510729496,43,9.999999999247803e-06,divvy,Divvy,bike-share station trip-count level,30,3,495
divvy_2024_w72_s24_d30,divvy,0,raw_var_window_ar,,4,364,30,127,181,224,full,domain,divvy_standardized_raw_mean_rmse,Divvy training-standardized station-demand mean RMSE,72,24,"202401,202402,202403,202404,202405,202406,202407,202408,202409,202410,202411,202412",training-standardized,1,first_origin_fit,first_origin_fit,fractional_rolling_origin,10.0,99.36697098438422,106.4744124450159,2164678973.5306144,2187081176.4978466,0.8372607598676277,0.8741379183301268,117.00550602364083,118.29504943075312,142.68731851280612,2720314105.8392,2640130095.990074,3471640140.894634,0.8382882316696569,0.8219984211068019,1.0771866831687167,43,,divvy,Divvy,bike-share station trip-count level,30,3,495
divvy_2024_w72_s24_d30,divvy,0,seasonal_window_naive,,4,364,30,127,181,224,full,domain,divvy_standardized_raw_mean_rmse,Divvy training-standardized station-demand mean RMSE,72,24,"202401,202402,202403,202404,202405,202406,202407,202408,202409,202410,202411,202412",training-standardized,1,first_origin_fit,first_origin_fit,fractional_rolling_origin,,27.621885424239714,25.66140808382213,84.90005907039897,75.55193512218293,0.45506516132828206,0.4852218970172321,36.45584971500079,33.88078645140088,56.917495194966826,12891705.531664815,80.75333900973028,124.69346663469355,0.5589266855371108,0.571987717746642,0.735421510729496,43,9.99999947872539e-09,divvy,Divvy,bike-share station trip-count level,30,3,495
divvy_2024_w72_s24_d30,divvy,0,euclidean_gaussian_ar,,4,364,30,127,181,224,full,domain,divvy_standardized_raw_mean_rmse,Divvy training-standardized station-demand mean RMSE,72,24,"202401,202402,202403,202404,202405,202406,202407,202408,202409,202410,202411,202412",training-standardized,1,first_origin_fit,first_origin_fit,fractional_rolling_origin,1.0,30.773827979328537,26.481747350761168,554596005.1237249,361618873.8105367,0.5465579055898517,0.500902995590181,28.448021196836894,22.5199410602083,42.68490543233328,272472230.9785575,184042199.284085,605248805.6227995,0.4841767803562763,0.4179634360723128,0.6872900368387721,43,9.999989614454275e-09,divvy,Divvy,bike-share station trip-count level,30,3,495
divvy_2024_w72_s24_d30,divvy,0,cholesky_gaussian_ar,,4,364,30,127,181,224,full,domain,divvy_standardized_raw_mean_rmse,Divvy training-standardized station-demand mean RMSE,72,24,"202401,202402,202403,202404,202405,202406,202407,202408,202409,202410,202411,202412",training-standardized,1,first_origin_fit,first_origin_fit,fractional_rolling_origin,10.0,26.2632272181666,25.05461875398608,66.30322476483997,68.66060248488697,0.5455408543313874,0.5524221949137208,18.82596176050277,16.580999392776647,30.209303368266607,91.95241039263954,55.49380344055341,72.72099317306098,0.3803192344122337,0.3370979691067279,0.5805680177376844,43,0.002013113750613365,divvy,Divvy,bike-share station trip-count level,30,3,495
divvy_2024_w72_s24_d30,divvy,0,log_euclidean_gaussian_ar,,4,364,30,127,181,224,full,domain,divvy_standardized_raw_mean_rmse,Divvy training-standardized station-demand mean RMSE,72,24,"202401,202402,202403,202404,202405,202406,202407,202408,202409,202410,202411,202412",training-standardized,1,first_origin_fit,first_origin_fit,fractional_rolling_origin,10.0,27.203290272262862,27.93316299817491,70.12850950571327,72.9659198899788,0.5664296138549941,0.5739232135501011,21.838607633093886,18.498860239227717,37.722521689920626,73.69462020182318,54.09642446606919,69.76985549209999,0.3907505052577769,0.35961863309088954,0.5815248100473938,43,0.006185688691807033,divvy,Divvy,bike-share station trip-count level,30,3,495
divvy_2024_w72_s24_d30,divvy,0,persistence,,6,364,30,127,181,224,full,domain,divvy_standardized_raw_mean_rmse,Divvy training-standardized station-demand mean RMSE,72,24,"202401,202402,202403,202404,202405,202406,202407,202408,202409,202410,202411,202412",training-standardized,1,first_origin_fit,first_origin_fit,fractional_rolling_origin,,17.01111111898957,15.920828990752115,70.708897113689,68.11169387160928,0.330832915302337,0.31084849436931816,23.124422136885215,21.0269280014083,35.9907455316601,33362.124632062565,74.54166852462205,103.57414454715554,0.4080485391526777,0.37203243671240555,0.6093939926172873,43,9.999999999247803e-06,divvy,Divvy,bike-share station trip-count level,30,3,495
divvy_2024_w72_s24_d30,divvy,0,raw_var_window_ar,,6,364,30,127,181,224,full,domain,divvy_standardized_raw_mean_rmse,Divvy training-standardized station-demand mean RMSE,72,24,"202401,202402,202403,202404,202405,202406,202407,202408,202409,202410,202411,202412",training-standardized,1,first_origin_fit,first_origin_fit,fractional_rolling_origin,1e-06,99.68524469335,107.00090726006889,2522641082.991051,2431727279.092821,0.8362071848371767,0.8765854968329743,117.53597450937625,118.84602220935724,143.3119770478071,2849202575.4116497,2746025025.517187,3552271920.816869,0.8357679537616179,0.8294991686449192,1.0761902671849302,43,,divvy,Divvy,bike-share station trip-count level,30,3,495
divvy_2024_w72_s24_d30,divvy,0,seasonal_window_naive,,6,364,30,127,181,224,full,domain,divvy_standardized_raw_mean_rmse,Divvy training-standardized station-demand mean RMSE,72,24,"202401,202402,202403,202404,202405,202406,202407,202408,202409,202410,202411,202412",training-standardized,1,first_origin_fit,first_origin_fit,fractional_rolling_origin,,17.011186898111223,15.920952326522887,70.71568648974281,68.11814494098428,0.330832915302337,0.31084849436931816,23.12505316938618,21.027020224265485,35.99238727926386,33287871.812701467,74.54624467180108,103.59072200838462,0.4080485391526777,0.3720324367124055,0.6093939926172871,43,9.99999947872539e-09,divvy,Divvy,bike-share station trip-count level,30,3,495
divvy_2024_w72_s24_d30,divvy,0,euclidean_gaussian_ar,,6,364,30,127,181,224,full,domain,divvy_standardized_raw_mean_rmse,Divvy training-standardized station-demand mean RMSE,72,24,"202401,202402,202403,202404,202405,202406,202407,202408,202409,202410,202411,202412",training-standardized,1,first_origin_fit,first_origin_fit,fractional_rolling_origin,10.0,26.542035353027412,27.153783404914858,25672650.10206933,55.31501968175473,0.583963485621877,0.6141172386620655,20.584539345474205,18.574483262953166,31.90372373217631,11474523.168733476,50.30999607104578,40968794.60892179,0.4366198936829519,0.4021275112035593,0.677471038203311,43,9.999994337016892e-09,divvy,Divvy,bike-share station trip-count level,30,3,495
divvy_2024_w72_s24_d30,divvy,0,cholesky_gaussian_ar,,6,364,30,127,181,224,full,domain,divvy_standardized_raw_mean_rmse,Divvy training-standardized station-demand mean RMSE,72,24,"202401,202402,202403,202404,202405,202406,202407,202408,202409,202410,202411,202412",training-standardized,1,first_origin_fit,first_origin_fit,fractional_rolling_origin,10.0,29.51186100334628,30.512589049241946,69.96337110814628,71.71935612017609,0.589147565789648,0.6077418732420674,20.715400359490204,19.543700462336602,36.24976351479915,66.38622496207566,55.29412721739173,70.57871353819836,0.4035874127231416,0.3613434390980987,0.6132288667307157,43,0.008006672992195485,divvy,Divvy,bike-share station trip-count level,30,3,495
divvy_2024_w72_s24_d30,divvy,0,log_euclidean_gaussian_ar,,6,364,30,127,181,224,full,domain,divvy_standardized_raw_mean_rmse,Divvy training-standardized station-demand mean RMSE,72,24,"202401,202402,202403,202404,202405,202406,202407,202408,202409,202410,202411,202412",training-standardized,1,first_origin_fit,first_origin_fit,fractional_rolling_origin,1e-06,31.044091193141785,30.06447022027308,121.30264288674813,109.10710789283596,0.5706074336233259,0.5894107358985718,42.82771261076588,29.816871147984667,94.02919041312131,1823.1365727144944,77.81215909451112,158.24727711189064,0.4097496447299368,0.3458453036493063,0.6587002472939901,43,7.870381506740832e-05,divvy,Divvy,bike-share station trip-count level,30,3,495
divvy_2024_w72_s24_d30,divvy,1,persistence,,3,364,30,170,224,267,full,domain,divvy_standardized_raw_mean_rmse,Divvy training-standardized station-demand mean RMSE,72,24,"202401,202402,202403,202404,202405,202406,202407,202408,202409,202410,202411,202412",training-standardized,1,first_origin_fit,first_origin_fit,fractional_rolling_origin,,32.729297987966824,32.612519974925114,5994.747820587298,78.21197219182379,0.5193764408015,0.5477929502122229,40.88931168620979,35.76144255797986,64.23866322525194,91.32205917713283,75.87240212652088,108.09549907658642,0.5786085763027403,0.5847418169397725,0.8194857016545891,43,0.014622172262076101,divvy,Divvy,bike-share station trip-count level,30,3,495
divvy_2024_w72_s24_d30,divvy,1,raw_var_window_ar,,3,364,30,170,224,267,full,domain,divvy_standardized_raw_mean_rmse,Divvy training-standardized station-demand mean RMSE,72,24,"202401,202402,202403,202404,202405,202406,202407,202408,202409,202410,202411,202412",training-standardized,1,first_origin_fit,first_origin_fit,fractional_rolling_origin,1e-06,110.6648278187811,112.59508354786183,1281482402.9872572,1216569220.7740526,0.8797957236452845,0.890372250594087,105.62060136698936,101.98753359212859,152.66882098092603,1172077938.2994797,1180417821.9649684,1499250309.5667562,0.7317141382756054,0.7215572286899076,0.9655346649761595,43,,divvy,Divvy,bike-share station trip-count level,30,3,495
divvy_2024_w72_s24_d30,divvy,1,seasonal_window_naive,,3,364,30,170,224,267,full,domain,divvy_standardized_raw_mean_rmse,Divvy training-standardized station-demand mean RMSE,72,24,"202401,202402,202403,202404,202405,202406,202407,202408,202409,202410,202411,202412",training-standardized,1,first_origin_fit,first_origin_fit,fractional_rolling_origin,,32.72960071590861,32.61252729705288,5917670.559581728,79.26270713291817,0.5193764408014999,0.5477929502122229,40.889385136476214,35.761556198723824,64.23862487792123,91.33153669287621,75.87553370645311,108.10405875770304,0.5786085763027402,0.5847418169397722,0.8194857016545893,43,0.014612182262076287,divvy,Divvy,bike-share station trip-count level,30,3,495
divvy_2024_w72_s24_d30,divvy,1,euclidean_gaussian_ar,,3,364,30,170,224,267,full,domain,divvy_standardized_raw_mean_rmse,Divvy training-standardized station-demand mean RMSE,72,24,"202401,202402,202403,202404,202405,202406,202407,202408,202409,202410,202411,202412",training-standardized,1,first_origin_fit,first_origin_fit,fractional_rolling_origin,10.0,20.243579949871556,17.770785049214783,64808530.79202704,8344454.995158771,0.3921932790525037,0.3584224483427103,26.030845537720133,24.580822925076205,41.403349265512894,44488232.746718615,53.277325514757145,113721529.68233143,0.4802862391922577,0.42070503824472893,0.7344601321760011,43,9.999996965875935e-09,divvy,Divvy,bike-share station trip-count level,30,3,495
divvy_2024_w72_s24_d30,divvy,1,cholesky_gaussian_ar,,3,364,30,170,224,267,full,domain,divvy_standardized_raw_mean_rmse,Divvy training-standardized station-demand mean RMSE,72,24,"202401,202402,202403,202404,202405,202406,202407,202408,202409,202410,202411,202412",training-standardized,1,first_origin_fit,first_origin_fit,fractional_rolling_origin,1.0,18.3147763510164,17.04659195295411,3029.906476607054,68.21926235487382,0.35180977708593425,0.3362254219907211,27.165352922394735,23.75194175795641,47.25710261016582,115.57138855315745,65.52364072481285,163.3050163283999,0.4668629937964275,0.4927877142469426,0.6642656083687682,43,0.0023164818890054474,divvy,Divvy,bike-share station trip-count level,30,3,495
divvy_2024_w72_s24_d30,divvy,1,log_euclidean_gaussian_ar,,3,364,30,170,224,267,full,domain,divvy_standardized_raw_mean_rmse,Divvy training-standardized station-demand mean RMSE,72,24,"202401,202402,202403,202404,202405,202406,202407,202408,202409,202410,202411,202412",training-standardized,1,first_origin_fit,first_origin_fit,fractional_rolling_origin,1.0,25.45437114577585,20.61961981385293,99.70445362755069,58.0654024617119,0.3665944986055014,0.33430100960349857,26.697840671957263,24.890395906230026,48.91484679000405,67.80102950249228,64.47939972468907,91.26295518707735,0.4510329977788151,0.45605467405020533,0.6395493661124472,43,0.018526774966711474,divvy,Divvy,bike-share station trip-count level,30,3,495
divvy_2024_w72_s24_d30,divvy,1,persistence,,4,364,30,170,224,267,full,domain,divvy_standardized_raw_mean_rmse,Divvy training-standardized station-demand mean RMSE,72,24,"202401,202402,202403,202404,202405,202406,202407,202408,202409,202410,202411,202412",training-standardized,1,first_origin_fit,first_origin_fit,fractional_rolling_origin,,33.90306522399341,31.753899346501175,10345.065883791052,76.62351631933936,0.5352247827541396,0.5553676470801143,41.97421799820191,36.7737090039273,64.9794408776883,92.37438499473203,76.51640113598198,116.22775393572205,0.5944786457311432,0.5980245695774685,0.8539384061685068,43,0.014622172262076101,divvy,Divvy,bike-share station trip-count level,30,3,495
divvy_2024_w72_s24_d30,divvy,1,raw_var_window_ar,,4,364,30,170,224,267,full,domain,divvy_standardized_raw_mean_rmse,Divvy training-standardized station-demand mean RMSE,72,24,"202401,202402,202403,202404,202405,202406,202407,202408,202409,202410,202411,202412",training-standardized,1,first_origin_fit,first_origin_fit,fractional_rolling_origin,1e-06,115.8298741186932,116.77782011400826,2615988475.503119,2604242241.2631297,0.8650403151770427,0.8616904084206373,112.12077111829609,108.55860639190138,156.65417463807415,2936454682.6298594,2610809299.996814,4552898425.016215,0.6878267785502595,0.6529606734469272,0.9231232099357716,43,,divvy,Divvy,bike-share station trip-count level,30,3,495
divvy_2024_w72_s24_d30,divvy,1,seasonal_window_naive,,4,364,30,170,224,267,full,domain,divvy_standardized_raw_mean_rmse,Divvy training-standardized station-demand mean RMSE,72,24,"202401,202402,202403,202404,202405,202406,202407,202408,202409,202410,202411,202412",training-standardized,1,first_origin_fit,first_origin_fit,fractional_rolling_origin,,33.90347357912376,31.755950835447106,10265631.298293574,76.62950767120347,0.5352247827541396,0.5553676470801143,41.97429149609189,36.7738306320048,64.9795166758261,92.38420536959676,76.52115342779031,116.23864943363414,0.5944786457311432,0.5980245695774685,0.8539384061685068,43,0.014612182262076287,divvy,Divvy,bike-share station trip-count level,30,3,495
divvy_2024_w72_s24_d30,divvy,1,euclidean_gaussian_ar,,4,364,30,170,224,267,full,domain,divvy_standardized_raw_mean_rmse,Divvy training-standardized station-demand mean RMSE,72,24,"202401,202402,202403,202404,202405,202406,202407,202408,202409,202410,202411,202412",training-standardized,1,first_origin_fit,first_origin_fit,fractional_rolling_origin,10.0,19.823061307521765,16.874721410995914,47635817.81624348,57.64369103390683,0.4030771729741875,0.34517689176483246,26.377153588719175,23.39192480918879,43.23707866238496,37608553.759488985,52.22380102502027,140316601.9196395,0.4848060561984436,0.4617303809855247,0.6993687344876858,43,9.999998250990417e-09,divvy,Divvy,bike-share station trip-count level,30,3,495
divvy_2024_w72_s24_d30,divvy,1,cholesky_gaussian_ar,,4,364,30,170,224,267,full,domain,divvy_standardized_raw_mean_rmse,Divvy training-standardized station-demand mean RMSE,72,24,"202401,202402,202403,202404,202405,202406,202407,202408,202409,202410,202411,202412",training-standardized,1,first_origin_fit,first_origin_fit,fractional_rolling_origin,10.0,17.881552878764744,15.056734204550537,78.80458066526691,53.980243803060915,0.3734563635412767,0.31122643136155886,21.3247138252382,16.918120896689363,38.92925304149687,53.23537331449047,53.07129353272747,63.326850511057636,0.4158183706731047,0.3797438448675714,0.6239661769233046,43,0.09619970961345506,divvy,Divvy,bike-share station trip-count level,30,3,495
divvy_2024_w72_s24_d30,divvy,1,log_euclidean_gaussian_ar,,4,364,30,170,224,267,full,domain,divvy_standardized_raw_mean_rmse,Divvy training-standardized station-demand mean RMSE,72,24,"202401,202402,202403,202404,202405,202406,202407,202408,202409,202410,202411,202412",training-standardized,1,first_origin_fit,first_origin_fit,fractional_rolling_origin,1.0,27.142588075883598,23.582246343367665,122.37427235786564,57.57025444167544,0.3708666815327525,0.331631153960952,27.77479346272614,27.689713725752316,47.11520488541788,65.88097351997475,64.08812218423041,88.11486819202274,0.44880823427543215,0.43907200534012736,0.6597452803375621,43,0.03065780069245327,divvy,Divvy,bike-share station trip-count level,30,3,495
divvy_2024_w72_s24_d30,divvy,1,persistence,,6,364,30,170,224,267,full,domain,divvy_standardized_raw_mean_rmse,Divvy training-standardized station-demand mean RMSE,72,24,"202401,202402,202403,202404,202405,202406,202407,202408,202409,202410,202411,202412",training-standardized,1,first_origin_fit,first_origin_fit,fractional_rolling_origin,,21.559230871735302,20.353680302940955,26579.027037981912,72.11540613251756,0.3923914230378596,0.3697330093587248,26.60522884573769,20.862325068541892,54.0606834994988,73.91847149508179,67.73841280355143,85.44849866006253,0.4386538872668708,0.3877460782152526,0.81393910934452,43,0.014622172262076101,divvy,Divvy,bike-share station trip-count level,30,3,495
divvy_2024_w72_s24_d30,divvy,1,raw_var_window_ar,,6,364,30,170,224,267,full,domain,divvy_standardized_raw_mean_rmse,Divvy training-standardized station-demand mean RMSE,72,24,"202401,202402,202403,202404,202405,202406,202407,202408,202409,202410,202411,202412",training-standardized,1,first_origin_fit,first_origin_fit,fractional_rolling_origin,1e-06,116.29475245436707,116.85058689613388,2832498664.867288,2766032728.937334,0.8630894522806918,0.8572461742909377,112.68784188832984,109.23859056213117,157.1524338723169,3115219662.1284323,3101293423.4226494,4903123215.22363,0.6824690218516911,0.6456658827738834,0.9169074365894547,43,,divvy,Divvy,bike-share station trip-count level,30,3,495
divvy_2024_w72_s24_d30,divvy,1,seasonal_window_naive,,6,364,30,170,224,267,full,domain,divvy_standardized_raw_mean_rmse,Divvy training-standardized station-demand mean RMSE,72,24,"202401,202402,202403,202404,202405,202406,202407,202408,202409,202410,202411,202412",training-standardized,1,first_origin_fit,first_origin_fit,fractional_rolling_origin,,21.559744057764956,20.353755581492425,26507021.92764228,72.12158649826009,0.39239142303785957,0.3697330093587248,26.605294206562963,20.86241411920962,54.06071796820957,73.92425856096159,67.74392753735248,85.45456614494337,0.4386538872668707,0.3877460782152527,0.8139391093445201,43,0.014612182262076287,divvy,Divvy,bike-share station trip-count level,30,3,495
divvy_2024_w72_s24_d30,divvy,1,euclidean_gaussian_ar,,6,364,30,170,224,267,full,domain,divvy_standardized_raw_mean_rmse,Divvy training-standardized station-demand mean RMSE,72,24,"202401,202402,202403,202404,202405,202406,202407,202408,202409,202410,202411,202412",training-standardized,1,first_origin_fit,first_origin_fit,fractional_rolling_origin,10.0,20.105689499341207,18.743190765882048,32436224.262625355,52.80871198788448,0.4314490870245584,0.4123619188845077,24.31360884065547,21.083893524456776,39.592966767221675,9889015.270704843,48.249856835847794,35507753.36468539,0.47437484947126746,0.4351658640997225,0.7098087602758744,43,9.999997305177268e-09,divvy,Divvy,bike-share station trip-count level,30,3,495
divvy_2024_w72_s24_d30,divvy,1,cholesky_gaussian_ar,,6,364,30,170,224,267,full,domain,divvy_standardized_raw_mean_rmse,Divvy training-standardized station-demand mean RMSE,72,24,"202401,202402,202403,202404,202405,202406,202407,202408,202409,202410,202411,202412",training-standardized,1,first_origin_fit,first_origin_fit,fractional_rolling_origin,1.0,20.60462011284679,19.248422392882507,388.91098770950964,64.75365344401413,0.39840363372592474,0.3901373691833169,24.15939210107358,23.55900413028637,39.463161445183594,65.89437848543066,60.52717850023456,93.04199972915357,0.44293818891295084,0.4716942629337642,0.6626240924026573,43,0.006584021371810558,divvy,Divvy,bike-share station trip-count level,30,3,495
divvy_2024_w72_s24_d30,divvy,1,log_euclidean_gaussian_ar,,6,364,30,170,224,267,full,domain,divvy_standardized_raw_mean_rmse,Divvy training-standardized station-demand mean RMSE,72,24,"202401,202402,202403,202404,202405,202406,202407,202408,202409,202410,202411,202412",training-standardized,1,first_origin_fit,first_origin_fit,fractional_rolling_origin,1.0,25.594723265329645,20.932035393029395,220.90798791889927,57.421410192865,0.4005463407878287,0.3678677977147574,29.2284448059598,25.183889659390385,57.2793591131214,64.4613441561384,60.23367336041165,81.73401111631911,0.43337760676705345,0.42490841252158723,0.6301925021933265,43,0.038931202338997176,divvy,Divvy,bike-share station trip-count level,30,3,495
divvy_2024_w72_s24_d30,divvy,2,persistence,,3,364,30,213,267,310,full,domain,divvy_standardized_raw_mean_rmse,Divvy training-standardized station-demand mean RMSE,72,24,"202401,202402,202403,202404,202405,202406,202407,202408,202409,202410,202411,202412",training-standardized,1,first_origin_fit,first_origin_fit,fractional_rolling_origin,,40.843616654038094,36.332552262058236,89.6963462279302,79.17105921028048,0.5753206170415682,0.5775217661837828,27.016137158425828,25.709482261039195,46.36989549788764,79.35488191739864,71.53516583057704,109.30728624148836,0.46501695043264096,0.47725189112016,0.666871133621427,43,0.009250216525787884,divvy,Divvy,bike-share station trip-count level,30,3,495
divvy_2024_w72_s24_d30,divvy,2,raw_var_window_ar,,3,364,30,213,267,310,full,domain,divvy_standardized_raw_mean_rmse,Divvy training-standardized station-demand mean RMSE,72,24,"202401,202402,202403,202404,202405,202406,202407,202408,202409,202410,202411,202412",training-standardized,1,first_origin_fit,first_origin_fit,fractional_rolling_origin,10.0,109.89046405003491,107.7582642529423,1224534239.7713542,1242660698.1404166,0.7741677457365546,0.773032942303086,67.22101451573243,67.78450573185006,96.0176853972202,871709938.7596095,854441589.1618936,1238997665.8997548,0.4778145586039977,0.4517907235658871,0.6757951288398875,43,,divvy,Divvy,bike-share station trip-count level,30,3,495
divvy_2024_w72_s24_d30,divvy,2,seasonal_window_naive,,3,364,30,213,267,310,full,domain,divvy_standardized_raw_mean_rmse,Divvy training-standardized station-demand mean RMSE,72,24,"202401,202402,202403,202404,202405,202406,202407,202408,202409,202410,202411,202412",training-standardized,1,first_origin_fit,first_origin_fit,fractional_rolling_origin,,40.8436905322661,36.33263787483658,89.70516152424251,79.18281896780854,0.5753206170415681,0.5775217661837826,27.016212518865252,25.709502357449573,46.3700211723276,79.36472584838488,71.54197554183607,109.3177056813342,0.465016950432641,0.47725189112016,0.666871133621427,43,0.009240226525782769,divvy,Divvy,bike-share station trip-count level,30,3,495
divvy_2024_w72_s24_d30,divvy,2,euclidean_gaussian_ar,,3,364,30,213,267,310,full,domain,divvy_standardized_raw_mean_rmse,Divvy training-standardized station-demand mean RMSE,72,24,"202401,202402,202403,202404,202405,202406,202407,202408,202409,202410,202411,202412",training-standardized,1,first_origin_fit,first_origin_fit,fractional_rolling_origin,10.0,23.721096328835436,20.512524719818053,36772266.30767723,59.58186051676145,0.46524447154806386,0.41491054024833934,21.279590631632995,17.213632427389115,39.37488068714357,27321121.267252408,26494408.671223495,65444318.51951385,0.39805817346826544,0.36744430683819357,0.62961539307939,43,9.999998636719846e-09,divvy,Divvy,bike-share station trip-count level,30,3,495
divvy_2024_w72_s24_d30,divvy,2,cholesky_gaussian_ar,,3,364,30,213,267,310,full,domain,divvy_standardized_raw_mean_rmse,Divvy training-standardized station-demand mean RMSE,72,24,"202401,202402,202403,202404,202405,202406,202407,202408,202409,202410,202411,202412",training-standardized,1,first_origin_fit,first_origin_fit,fractional_rolling_origin,10.0,19.30410139761502,16.108599123316623,53.07150665976935,51.75775767399457,0.37989409570901217,0.3521166426048889,14.435437161922339,12.79965230506087,22.82385033084131,46.28772098552695,45.88404312281096,53.305076495199,0.35530007180555023,0.3650661027376922,0.45632124985025313,43,0.08965744456726858,divvy,Divvy,bike-share station trip-count level,30,3,495
divvy_2024_w72_s24_d30,divvy,2,log_euclidean_gaussian_ar,,3,364,30,213,267,310,full,domain,divvy_standardized_raw_mean_rmse,Divvy training-standardized station-demand mean RMSE,72,24,"202401,202402,202403,202404,202405,202406,202407,202408,202409,202410,202411,202412",training-standardized,1,first_origin_fit,first_origin_fit,fractional_rolling_origin,10.0,19.959608092918742,16.459363068048244,53.30367341620828,52.130672623812245,0.38782555233696914,0.3811608526198429,14.614336161074105,14.853915366237082,20.919046449692758,48.021356377163755,48.84106414151397,56.924503892739075,0.3584508375484473,0.3499516764329375,0.44497753958763353,43,0.04634198158444305,divvy,Divvy,bike-share station trip-count level,30,3,495
divvy_2024_w72_s24_d30,divvy,2,persistence,,4,364,30,213,267,310,full,domain,divvy_standardized_raw_mean_rmse,Divvy training-standardized station-demand mean RMSE,72,24,"202401,202402,202403,202404,202405,202406,202407,202408,202409,202410,202411,202412",training-standardized,1,first_origin_fit,first_origin_fit,fractional_rolling_origin,,42.007861664854715,38.062393315073095,91.35643598897948,77.40996849361318,0.5915508570501559,0.5885249368551783,28.205109785899683,26.347663389880196,46.96983538148158,79.40234762808677,67.61909872273864,109.86767459265984,0.4816808022604707,0.5179596807890605,0.684890689093323,43,0.009250216525787884,divvy,Divvy,bike-share station trip-count level,30,3,495
divvy_2024_w72_s24_d30,divvy,2,raw_var_window_ar,,4,364,30,213,267,310,full,domain,divvy_standardized_raw_mean_rmse,Divvy training-standardized station-demand mean RMSE,72,24,"202401,202402,202403,202404,202405,202406,202407,202408,202409,202410,202411,202412",training-standardized,1,first_origin_fit,first_origin_fit,fractional_rolling_origin,10.0,116.04968803815427,113.27361087466745,2927063551.3896937,2639669295.07573,0.7381147360508322,0.7481099730371237,74.37521185461772,75.29614548291627,103.25972665023124,2470950294.8347044,2332408154.754253,3729672600.3112698,0.47017551355619736,0.4539870367204567,0.6263883169766883,43,,divvy,Divvy,bike-share station trip-count level,30,3,495
divvy_2024_w72_s24_d30,divvy,2,seasonal_window_naive,,4,364,30,213,267,310,full,domain,divvy_standardized_raw_mean_rmse,Divvy training-standardized station-demand mean RMSE,72,24,"202401,202402,202403,202404,202405,202406,202407,202408,202409,202410,202411,202412",training-standardized,1,first_origin_fit,first_origin_fit,fractional_rolling_origin,,42.007937365551165,38.06246384531379,91.36562347428493,77.41559608140238,0.5915508570501559,0.5885249368551783,28.20518267429332,26.347683686759723,46.96995142198486,79.41177346641149,67.62186484858718,109.90128085274297,0.4816808022604707,0.5179596807890605,0.684890689093323,43,0.009240226525782769,divvy,Divvy,bike-share station trip-count level,30,3,495
divvy_2024_w72_s24_d30,divvy,2,euclidean_gaussian_ar,,4,364,30,213,267,310,full,domain,divvy_standardized_raw_mean_rmse,Divvy training-standardized station-demand mean RMSE,72,24,"202401,202402,202403,202404,202405,202406,202407,202408,202409,202410,202411,202412",training-standardized,1,first_origin_fit,first_origin_fit,fractional_rolling_origin,1.0,26.079994525571692,22.867094703594923,196344643.6428818,131140134.92295371,0.4584229757531326,0.413604894872087,34.23360178766301,26.43338850436758,65.87238868607706,36251263.51059416,35006073.78982552,77902985.25854622,0.5941761126723517,0.5248338994802658,1.0845505357057084,43,9.999998930980276e-09,divvy,Divvy,bike-share station trip-count level,30,3,495
divvy_2024_w72_s24_d30,divvy,2,cholesky_gaussian_ar,,4,364,30,213,267,310,full,domain,divvy_standardized_raw_mean_rmse,Divvy training-standardized station-demand mean RMSE,72,24,"202401,202402,202403,202404,202405,202406,202407,202408,202409,202410,202411,202412",training-standardized,1,first_origin_fit,first_origin_fit,fractional_rolling_origin,10.0,20.295449347800982,17.005573688703116,53.41589465787207,52.70203660647275,0.3948126681220148,0.37564074830540706,14.265060609868016,12.912159923182184,22.273377941800643,46.35818501610115,45.85481560853739,54.706789685742244,0.3595096723838623,0.3571423451055695,0.4770109361842223,43,0.08785350385617097,divvy,Divvy,bike-share station trip-count level,30,3,495
divvy_2024_w72_s24_d30,divvy,2,log_euclidean_gaussian_ar,,4,364,30,213,267,310,full,domain,divvy_standardized_raw_mean_rmse,Divvy training-standardized station-demand mean RMSE,72,24,"202401,202402,202403,202404,202405,202406,202407,202408,202409,202410,202411,202412",training-standardized,1,first_origin_fit,first_origin_fit,fractional_rolling_origin,10.0,21.495116041836496,17.662508311081744,53.904038952395986,52.7865040403843,0.3990539810350291,0.40156206708470876,14.291597383312046,13.546772340769778,20.007209887205324,47.838736553515425,48.03535389914231,56.43537697947284,0.3544922996482303,0.3483971341488611,0.4516504768830443,43,0.05593875423756669,divvy,Divvy,bike-share station trip-count level,30,3,495
divvy_2024_w72_s24_d30,divvy,2,persistence,,6,364,30,213,267,310,full,domain,divvy_standardized_raw_mean_rmse,Divvy training-standardized station-demand mean RMSE,72,24,"202401,202402,202403,202404,202405,202406,202407,202408,202409,202410,202411,202412",training-standardized,1,first_origin_fit,first_origin_fit,fractional_rolling_origin,,25.9693837485142,20.818707220031655,74.17883195337015,68.79981497904384,0.4288562909275764,0.37721854520222897,17.661031990956204,15.45530130324178,28.044360703178842,65.35891172698524,62.37151182161218,90.2288944753635,0.34826006542141047,0.33132634552544926,0.5365318177114689,43,0.009250216525787884,divvy,Divvy,bike-share station trip-count level,30,3,495
divvy_2024_w72_s24_d30,divvy,2,raw_var_window_ar,,6,364,30,213,267,310,full,domain,divvy_standardized_raw_mean_rmse,Divvy training-standardized station-demand mean RMSE,72,24,"202401,202402,202403,202404,202405,202406,202407,202408,202409,202410,202411,202412",training-standardized,1,first_origin_fit,first_origin_fit,fractional_rolling_origin,1e-06,116.57863874566465,113.85251619295526,3131708983.363077,2907352458.871372,0.7334874431233495,0.7429377052452552,75.02654906868322,76.08183837058019,104.13734896723994,2672251074.732508,2543119778.2456875,4310735913.228726,0.4699202328543633,0.4572232528251005,0.6236374761551129,43,,divvy,Divvy,bike-share station trip-count level,30,3,495
divvy_2024_w72_s24_d30,divvy,2,seasonal_window_naive,,6,364,30,213,267,310,full,domain,divvy_standardized_raw_mean_rmse,Divvy training-standardized station-demand mean RMSE,72,24,"202401,202402,202403,202404,202405,202406,202407,202408,202409,202410,202411,202412",training-standardized,1,first_origin_fit,first_origin_fit,fractional_rolling_origin,,25.969450825450302,20.818806526966746,74.18444240599479,68.80418840851812,0.4288562909275764,0.37721854520222897,17.661085919755465,15.455319378120487,28.044386616538695,65.36505491492419,62.37745056057678,90.23894863433723,0.3482600654214105,0.33132634552544926,0.5365318177114689,43,0.009240226525782769,divvy,Divvy,bike-share station trip-count level,30,3,495
divvy_2024_w72_s24_d30,divvy,2,euclidean_gaussian_ar,,6,364,30,213,267,310,full,domain,divvy_standardized_raw_mean_rmse,Divvy training-standardized station-demand mean RMSE,72,24,"202401,202402,202403,202404,202405,202406,202407,202408,202409,202410,202411,202412",training-standardized,1,first_origin_fit,first_origin_fit,fractional_rolling_origin,10.0,24.998768125128247,22.59220475791935,6794141.833102031,48.71219831781043,0.502524643758367,0.46907877957341304,21.11425975729135,18.360294802428594,34.40535564705046,15778198.119549239,58.15125251287325,45541804.9460867,0.4151719443443318,0.379192375535147,0.6347947312143943,43,9.999999358498827e-09,divvy,Divvy,bike-share station trip-count level,30,3,495
divvy_2024_w72_s24_d30,divvy,2,cholesky_gaussian_ar,,6,364,30,213,267,310,full,domain,divvy_standardized_raw_mean_rmse,Divvy training-standardized station-demand mean RMSE,72,24,"202401,202402,202403,202404,202405,202406,202407,202408,202409,202410,202411,202412",training-standardized,1,first_origin_fit,first_origin_fit,fractional_rolling_origin,1.0,22.487281840317902,21.98991189699715,66.3585553515572,60.51769725890471,0.4186105149536111,0.4200953601930274,23.80831477543555,18.30932520214574,47.975741790304724,48.05940864034597,47.819542877093085,57.32691008585318,0.456066511298081,0.4198977603471062,0.7119246612540927,43,0.05657782385201749,divvy,Divvy,bike-share station trip-count level,30,3,495
divvy_2024_w72_s24_d30,divvy,2,log_euclidean_gaussian_ar,,6,364,30,213,267,310,full,domain,divvy_standardized_raw_mean_rmse,Divvy training-standardized station-demand mean RMSE,72,24,"202401,202402,202403,202404,202405,202406,202407,202408,202409,202410,202411,202412",training-standardized,1,first_origin_fit,first_origin_fit,fractional_rolling_origin,10.0,23.138957778356726,20.51757290194898,54.73151754456268,54.0974238935961,0.42176645606565977,0.37931817269455836,14.564535745686563,12.64847832299649,23.290981607262374,47.77520740942136,48.0227717762867,55.85480166608131,0.36330255549080903,0.3548448035036522,0.4636702489412797,43,0.06742516057644786,divvy,Divvy,bike-share station trip-count level,30,3,495
divvy_2024_w72_s24_d30,divvy,3,persistence,,3,364,30,256,310,353,full,domain,divvy_standardized_raw_mean_rmse,Divvy training-standardized station-demand mean RMSE,72,24,"202401,202402,202403,202404,202405,202406,202407,202408,202409,202410,202411,202412",training-standardized,1,first_origin_fit,first_origin_fit,fractional_rolling_origin,,30.620663647053153,29.389783998896675,78.62191148518525,72.24775182480542,0.4997422447178519,0.511267821740505,10.008322558600183,8.31891101853688,18.20987109485743,71.93339707451153,60.167242381607885,109.99906084999871,0.28793477912922877,0.2878586040672055,0.40844851907518076,43,0.002025927833826284,divvy,Divvy,bike-share station trip-count level,30,3,495
divvy_2024_w72_s24_d30,divvy,3,raw_var_window_ar,,3,364,30,256,310,353,full,domain,divvy_standardized_raw_mean_rmse,Divvy training-standardized station-demand mean RMSE,72,24,"202401,202402,202403,202404,202405,202406,202407,202408,202409,202410,202411,202412",training-standardized,1,first_origin_fit,first_origin_fit,fractional_rolling_origin,10.0,76.32408421782884,72.76391751339843,942195222.9425321,903665006.1651049,0.533664918876611,0.48290189245818327,25.920801719092676,23.48790221802284,38.232333760609485,346200828.06476533,313415291.8031698,567039878.4104987,0.494948797590716,0.47234729524900904,0.6650923555601006,43,,divvy,Divvy,bike-share station trip-count level,30,3,495
divvy_2024_w72_s24_d30,divvy,3,seasonal_window_naive,,3,364,30,256,310,353,full,domain,divvy_standardized_raw_mean_rmse,Divvy training-standardized station-demand mean RMSE,72,24,"202401,202402,202403,202404,202405,202406,202407,202408,202409,202410,202411,202412",training-standardized,1,first_origin_fit,first_origin_fit,fractional_rolling_origin,,30.620733724700894,29.389868109713255,78.63061190623549,72.25212396847567,0.4997422447178519,0.5112678217405051,10.008406141230749,8.318837662557891,18.209955825417428,71.98754369644189,60.17783810751197,110.12693662531909,0.2879347791292288,0.2878586040672055,0.40844851907518087,43,0.0020159378338261476,divvy,Divvy,bike-share station trip-count level,30,3,495
divvy_2024_w72_s24_d30,divvy,3,euclidean_gaussian_ar,,3,364,30,256,310,353,full,domain,divvy_standardized_raw_mean_rmse,Divvy training-standardized station-demand mean RMSE,72,24,"202401,202402,202403,202404,202405,202406,202407,202408,202409,202410,202411,202412",training-standardized,1,first_origin_fit,first_origin_fit,fractional_rolling_origin,10.0,22.322761438518654,20.75609195539041,33650296.634787805,29142543.627927996,0.42665172273234975,0.4064739179753285,10.330075645850869,9.702775761693506,16.522195877693775,11264987.500975389,6759360.8929166775,28437473.461937014,0.255982867140436,0.24130565037991714,0.37222578299534587,43,9.999999166088715e-09,divvy,Divvy,bike-share station trip-count level,30,3,495
divvy_2024_w72_s24_d30,divvy,3,cholesky_gaussian_ar,,3,364,30,256,310,353,full,domain,divvy_standardized_raw_mean_rmse,Divvy training-standardized station-demand mean RMSE,72,24,"202401,202402,202403,202404,202405,202406,202407,202408,202409,202410,202411,202412",training-standardized,1,first_origin_fit,first_origin_fit,fractional_rolling_origin,10.0,16.35252863800355,14.154589723226493,47.73166363467266,47.16138425206741,0.38202019490515343,0.3807950767612295,6.2637675130046695,5.606812087485411,9.36814137055223,32.26624460191594,33.29620316884922,43.37705024968693,0.252347574781303,0.23300998033115095,0.38220988581375187,43,0.0018947247386057403,divvy,Divvy,bike-share station trip-count level,30,3,495
divvy_2024_w72_s24_d30,divvy,3,log_euclidean_gaussian_ar,,3,364,30,256,310,353,full,domain,divvy_standardized_raw_mean_rmse,Divvy training-standardized station-demand mean RMSE,72,24,"202401,202402,202403,202404,202405,202406,202407,202408,202409,202410,202411,202412",training-standardized,1,first_origin_fit,first_origin_fit,fractional_rolling_origin,10.0,17.072919437177376,16.4787078439376,49.68262133527377,50.28828314507895,0.3865590068015782,0.3658603378928321,7.084266638391834,6.36038927132377,10.943588053118365,30.358653057408834,31.68702704976451,39.242192257450654,0.32284472406746184,0.2898274808644363,0.5113521751169047,43,0.005916534391112933,divvy,Divvy,bike-share station trip-count level,30,3,495
divvy_2024_w72_s24_d30,divvy,3,persistence,,4,364,30,256,310,353,full,domain,divvy_standardized_raw_mean_rmse,Divvy training-standardized station-demand mean RMSE,72,24,"202401,202402,202403,202404,202405,202406,202407,202408,202409,202410,202411,202412",training-standardized,1,first_origin_fit,first_origin_fit,fractional_rolling_origin,,31.0544740764129,29.27718973593521,78.33665883546473,68.50461690300543,0.511360511727726,0.5264359679202644,10.759664127184353,9.134448094111837,18.013810712431837,77.64082923517552,65.15192818874672,109.27024339291457,0.30695563704256457,0.30974872857472474,0.42428152511217243,43,0.002025927833826284,divvy,Divvy,bike-share station trip-count level,30,3,495
divvy_2024_w72_s24_d30,divvy,3,raw_var_window_ar,,4,364,30,256,310,353,full,domain,divvy_standardized_raw_mean_rmse,Divvy training-standardized station-demand mean RMSE,72,24,"202401,202402,202403,202404,202405,202406,202407,202408,202409,202410,202411,202412",training-standardized,1,first_origin_fit,first_origin_fit,fractional_rolling_origin,10.0,83.49833181542002,80.23000787944676,2647322609.313309,2451562805.4867525,0.5192833914412311,0.49143854953481236,32.182038272893344,29.442164699565016,44.2466210140858,858263780.8297889,683545659.90935,1558663988.4375143,0.578058156341537,0.5639751424066383,0.7597431533020597,43,,divvy,Divvy,bike-share station trip-count level,30,3,495
divvy_2024_w72_s24_d30,divvy,3,seasonal_window_naive,,4,364,30,256,310,353,full,domain,divvy_standardized_raw_mean_rmse,Divvy training-standardized station-demand mean RMSE,72,24,"202401,202402,202403,202404,202405,202406,202407,202408,202409,202410,202411,202412",training-standardized,1,first_origin_fit,first_origin_fit,fractional_rolling_origin,,31.054541039750568,29.27722865435465,78.34495390309108,68.50833835733945,0.511360511727726,0.5264359679202644,10.759748356320268,9.13437327840532,18.014251765400648,77.70451216007395,65.18092849787554,109.3509924122215,0.30695563704256457,0.30974872857472474,0.4242815251121725,43,0.0020159378338261476,divvy,Divvy,bike-share station trip-count level,30,3,495
divvy_2024_w72_s24_d30,divvy,3,euclidean_gaussian_ar,,4,364,30,256,310,353,full,domain,divvy_standardized_raw_mean_rmse,Divvy training-standardized station-demand mean RMSE,72,24,"202401,202402,202403,202404,202405,202406,202407,202408,202409,202410,202411,202412",training-standardized,1,first_origin_fit,first_origin_fit,fractional_rolling_origin,10.0,23.221228030854736,22.08997800497587,25100112.80905342,55.57495382734206,0.4470416825865563,0.44053839957738805,11.19652997220098,9.242007669433539,17.07437689590715,4864052.478936659,36.441262121550956,12385490.710151663,0.27184533185314735,0.25024818092686946,0.4000546544266373,43,9.99999938941611e-09,divvy,Divvy,bike-share station trip-count level,30,3,495
divvy_2024_w72_s24_d30,divvy,3,cholesky_gaussian_ar,,4,364,30,256,310,353,full,domain,divvy_standardized_raw_mean_rmse,Divvy training-standardized station-demand mean RMSE,72,24,"202401,202402,202403,202404,202405,202406,202407,202408,202409,202410,202411,202412",training-standardized,1,first_origin_fit,first_origin_fit,fractional_rolling_origin,10.0,15.986765744188931,13.337358050659304,47.54040309819271,47.166136824352755,0.3836303450566522,0.3717293501578859,7.232186348083937,5.696964652283986,11.296781550956261,31.631770664557852,32.79225081404381,43.17019871890191,0.27585769455052134,0.26007083581656476,0.413859249600634,43,0.002497015831124163,divvy,Divvy,bike-share station trip-count level,30,3,495
divvy_2024_w72_s24_d30,divvy,3,log_euclidean_gaussian_ar,,4,364,30,256,310,353,full,domain,divvy_standardized_raw_mean_rmse,Divvy training-standardized station-demand mean RMSE,72,24,"202401,202402,202403,202404,202405,202406,202407,202408,202409,202410,202411,202412",training-standardized,1,first_origin_fit,first_origin_fit,fractional_rolling_origin,10.0,16.458834155523935,14.461238504382166,49.24688785085295,48.76422186158685,0.38094348763526853,0.3665555048801309,7.423145154382627,6.246642956270977,11.99666251761664,29.545937456582198,30.032200733138982,37.74488870050438,0.32992708910176927,0.2937680486396322,0.5034796014147513,43,0.006695330703295396,divvy,Divvy,bike-share station trip-count level,30,3,495
divvy_2024_w72_s24_d30,divvy,3,persistence,,6,364,30,256,310,353,full,domain,divvy_standardized_raw_mean_rmse,Divvy training-standardized station-demand mean RMSE,72,24,"202401,202402,202403,202404,202405,202406,202407,202408,202409,202410,202411,202412",training-standardized,1,first_origin_fit,first_origin_fit,fractional_rolling_origin,,18.363480110074804,16.200175501022617,64.95870487687982,62.55144339242793,0.36008191746465773,0.34552482616571,8.24569168100782,7.803432725299441,13.585876552245328,64.74684854714354,52.16400680212568,107.27451407630714,0.261662700142985,0.26153772346630716,0.3988847591811247,43,0.002025927833826284,divvy,Divvy,bike-share station trip-count level,30,3,495
divvy_2024_w72_s24_d30,divvy,3,raw_var_window_ar,,6,364,30,256,310,353,full,domain,divvy_standardized_raw_mean_rmse,Divvy training-standardized station-demand mean RMSE,72,24,"202401,202402,202403,202404,202405,202406,202407,202408,202409,202410,202411,202412",training-standardized,1,first_origin_fit,first_origin_fit,fractional_rolling_origin,1e-06,84.15721891581124,80.71843301321117,2830348394.07897,2554624000.6839023,0.5178673600425229,0.49167021661055094,32.84361736204847,30.14024937943421,44.869297064865094,980437264.7690306,852213907.6553892,1657438729.0828714,0.5873184262213964,0.5743284327755048,0.7692858031043001,43,,divvy,Divvy,bike-share station trip-count level,30,3,495
divvy_2024_w72_s24_d30,divvy,3,seasonal_window_naive,,6,364,30,256,310,353,full,domain,divvy_standardized_raw_mean_rmse,Divvy training-standardized station-demand mean RMSE,72,24,"202401,202402,202403,202404,202405,202406,202407,202408,202409,202410,202411,202412",training-standardized,1,first_origin_fit,first_origin_fit,fractional_rolling_origin,,18.36353107383533,16.20024758247926,64.96423506796144,62.55591110516272,0.3600819174646578,0.34552482616571006,8.245754821220645,7.803435171369966,13.585770936831745,64.80108439119418,52.17912860584239,107.4121671543362,0.261662700142985,0.26153772346630727,0.39888475918112476,43,0.0020159378338261476,divvy,Divvy,bike-share station trip-count level,30,3,495
divvy_2024_w72_s24_d30,divvy,3,euclidean_gaussian_ar,,6,364,30,256,310,353,full,domain,divvy_standardized_raw_mean_rmse,Divvy training-standardized station-demand mean RMSE,72,24,"202401,202402,202403,202404,202405,202406,202407,202408,202409,202410,202411,202412",training-standardized,1,first_origin_fit,first_origin_fit,fractional_rolling_origin,10.0,22.48762868718406,19.54428781368229,14887256.757763732,52.35890594575183,0.4504712823677037,0.4210820069377629,13.255442671908652,10.590877275527035,22.865653078729373,4936788.93326179,28.946341152931087,10492608.948856743,0.3060466187300506,0.28033771128298823,0.48490374798610864,43,9.999999144726197e-09,divvy,Divvy,bike-share station trip-count level,30,3,495
divvy_2024_w72_s24_d30,divvy,3,cholesky_gaussian_ar,,6,364,30,256,310,353,full,domain,divvy_standardized_raw_mean_rmse,Divvy training-standardized station-demand mean RMSE,72,24,"202401,202402,202403,202404,202405,202406,202407,202408,202409,202410,202411,202412",training-standardized,1,first_origin_fit,first_origin_fit,fractional_rolling_origin,1.0,16.692467337277442,15.165489093375696,55.38715183625022,51.74066023245682,0.39100293970468813,0.37173222705245407,8.957741516172659,6.425917080158646,15.522198408646135,35.19847791785751,35.884517409129835,51.554991813606335,0.31340447988921083,0.27989705424660993,0.504839918604672,43,0.0017034077795188953,divvy,Divvy,bike-share station trip-count level,30,3,495
divvy_2024_w72_s24_d30,divvy,3,log_euclidean_gaussian_ar,,6,364,30,256,310,353,full,domain,divvy_standardized_raw_mean_rmse,Divvy training-standardized station-demand mean RMSE,72,24,"202401,202402,202403,202404,202405,202406,202407,202408,202409,202410,202411,202412",training-standardized,1,first_origin_fit,first_origin_fit,fractional_rolling_origin,10.0,16.216456274134835,15.716281206927011,48.78761574650248,48.720118219429,0.3874787604540001,0.39131495802235383,8.185154634547322,6.7071363184053645,12.008038317328923,29.120963138992213,30.288464971735934,37.32838754512575,0.3456678726669712,0.3083265076938151,0.5258664274759018,43,0.01185529170801558,divvy,Divvy,bike-share station trip-count level,30,3,495
divvy_2024_w72_s24_d30,divvy,4,persistence,,3,364,30,299,353,364,full,domain,divvy_standardized_raw_mean_rmse,Divvy training-standardized station-demand mean RMSE,72,24,"202401,202402,202403,202404,202405,202406,202407,202408,202409,202410,202411,202412",training-standardized,1,first_origin_fit,first_origin_fit,fractional_rolling_origin,,11.942457319139661,10.40429975389803,71.31704352937122,60.33827622918872,0.30551209435678683,0.3178665143331514,3.50456613729658,1.6653256064824298,7.427581203302619,30.79432521274573,29.640274377401624,44.37992240827238,0.15296123181702567,0.09968252612805016,0.28706078890230846,11,0.0013370448934652145,divvy,Divvy,bike-share station trip-count level,30,3,495
divvy_2024_w72_s24_d30,divvy,4,raw_var_window_ar,,3,364,30,299,353,364,full,domain,divvy_standardized_raw_mean_rmse,Divvy training-standardized station-demand mean RMSE,72,24,"202401,202402,202403,202404,202405,202406,202407,202408,202409,202410,202411,202412",training-standardized,1,first_origin_fit,first_origin_fit,fractional_rolling_origin,1e-06,29.643731352950827,25.788557038870877,404052970.59627986,390697757.1713073,0.4712413910498385,0.44166773784419855,17.909576462968516,17.88467881282908,18.900038905147806,127662787.42717785,121198992.91321589,154416982.875324,0.6930580832660284,0.6974530886367756,0.734848173694689,11,,divvy,Divvy,bike-share station trip-count level,30,3,495
divvy_2024_w72_s24_d30,divvy,4,seasonal_window_naive,,3,364,30,299,353,364,full,domain,divvy_standardized_raw_mean_rmse,Divvy training-standardized station-demand mean RMSE,72,24,"202401,202402,202403,202404,202405,202406,202407,202408,202409,202410,202411,202412",training-standardized,1,first_origin_fit,first_origin_fit,fractional_rolling_origin,,11.94253658255261,10.404292746610658,71.36257198262017,60.37099039920261,0.30551209435678683,0.3178665143331514,3.5046049248075906,1.665459784529288,7.4275851573335085,30.8561584308946,29.710898300347196,44.43776828957499,0.15296123181702567,0.09968252612805018,0.28706078890230846,11,0.0013270548934647412,divvy,Divvy,bike-share station trip-count level,30,3,495
divvy_2024_w72_s24_d30,divvy,4,euclidean_gaussian_ar,,3,364,30,299,353,364,full,domain,divvy_standardized_raw_mean_rmse,Divvy training-standardized station-demand mean RMSE,72,24,"202401,202402,202403,202404,202405,202406,202407,202408,202409,202410,202411,202412",training-standardized,1,first_origin_fit,first_origin_fit,fractional_rolling_origin,10.0,10.955718528447393,10.13988931787672,12896611.50765113,7889970.667917669,0.27113470977250753,0.26725657462947916,7.601455462552692,7.84487466873831,8.437519153733835,18469030.453274403,11701900.538291242,38893547.708165355,0.23117596751634517,0.23080485217027513,0.2576459426403467,11,9.99999986385689e-09,divvy,Divvy,bike-share station trip-count level,30,3,495
divvy_2024_w72_s24_d30,divvy,4,cholesky_gaussian_ar,,3,364,30,299,353,364,full,domain,divvy_standardized_raw_mean_rmse,Divvy training-standardized station-demand mean RMSE,72,24,"202401,202402,202403,202404,202405,202406,202407,202408,202409,202410,202411,202412",training-standardized,1,first_origin_fit,first_origin_fit,fractional_rolling_origin,10.0,7.142329525060256,6.5761940428832295,34.149518694997795,35.7346656865174,0.2687937915183322,0.26673471761655954,3.8281952334872837,3.578328786787603,5.1336835790437325,29.671812490450577,23.043325991297202,53.50516822451587,0.20842232030905983,0.208513374907645,0.2668572928903121,11,0.0008026986936111113,divvy,Divvy,bike-share station trip-count level,30,3,495
divvy_2024_w72_s24_d30,divvy,4,log_euclidean_gaussian_ar,,3,364,30,299,353,364,full,domain,divvy_standardized_raw_mean_rmse,Divvy training-standardized station-demand mean RMSE,72,24,"202401,202402,202403,202404,202405,202406,202407,202408,202409,202410,202411,202412",training-standardized,1,first_origin_fit,first_origin_fit,fractional_rolling_origin,10.0,7.57815572508486,6.783416879897902,32.85413406003995,34.538182807706754,0.3207821313185196,0.2962971000339253,4.335689178448519,3.934609197404786,6.261928550233277,43.295107262921036,41.29398071665649,71.99926401104128,0.2666263279233782,0.26825899691796934,0.36134143649548955,11,0.0037880020267819833,divvy,Divvy,bike-share station trip-count level,30,3,495
divvy_2024_w72_s24_d30,divvy,4,persistence,,4,364,30,299,353,364,full,domain,divvy_standardized_raw_mean_rmse,Divvy training-standardized station-demand mean RMSE,72,24,"202401,202402,202403,202404,202405,202406,202407,202408,202409,202410,202411,202412",training-standardized,1,first_origin_fit,first_origin_fit,fractional_rolling_origin,,12.74275163130926,10.639558866864013,75.33507701092903,62.99603205031111,0.32403977873850454,0.3125400957447738,4.502262002137428,2.026024665498108,12.51139088265919,31.52243259106464,30.54347820821477,45.40142024126809,0.17696958383893235,0.1202055086821195,0.3918924326391908,11,0.0013370448934652145,divvy,Divvy,bike-share station trip-count level,30,3,495
divvy_2024_w72_s24_d30,divvy,4,raw_var_window_ar,,4,364,30,299,353,364,full,domain,divvy_standardized_raw_mean_rmse,Divvy training-standardized station-demand mean RMSE,72,24,"202401,202402,202403,202404,202405,202406,202407,202408,202409,202410,202411,202412",training-standardized,1,first_origin_fit,first_origin_fit,fractional_rolling_origin,1e-06,36.131833961257314,31.778899411073432,1056019492.4182903,932647392.1041915,0.5458953072167959,0.5232032300871747,22.958518585203407,22.881140948044,23.760530817800387,251900847.3529806,236832615.5388044,281850527.6247933,0.7834061046113806,0.7888305189821737,0.8258519958565065,11,,divvy,Divvy,bike-share station trip-count level,30,3,495
divvy_2024_w72_s24_d30,divvy,4,seasonal_window_naive,,4,364,30,299,353,364,full,domain,divvy_standardized_raw_mean_rmse,Divvy training-standardized station-demand mean RMSE,72,24,"202401,202402,202403,202404,202405,202406,202407,202408,202409,202410,202411,202412",training-standardized,1,first_origin_fit,first_origin_fit,fractional_rolling_origin,,12.742830051717844,10.639657602164124,75.38782851300535,63.01298493944607,0.32403977873850454,0.3125400957447738,4.5022959408538705,2.026147547992887,12.511347858894464,31.582499819849474,30.63464805574075,45.481326562450185,0.17696958383893235,0.1202055086821195,0.3918924326391908,11,0.0013270548934647412,divvy,Divvy,bike-share station trip-count level,30,3,495
divvy_2024_w72_s24_d30,divvy,4,euclidean_gaussian_ar,,4,364,30,299,353,364,full,domain,divvy_standardized_raw_mean_rmse,Divvy training-standardized station-demand mean RMSE,72,24,"202401,202402,202403,202404,202405,202406,202407,202408,202409,202410,202411,202412",training-standardized,1,first_origin_fit,first_origin_fit,fractional_rolling_origin,1.0,11.412094804400757,9.44061597628421,34472464.844824634,24131611.912509155,0.2678430988901449,0.24182524419247975,5.539757699193068,5.3538684361144275,7.296961965751045,23859231.636577923,20896389.936420556,34271337.80653151,0.18466737575258332,0.18079500003118817,0.23811013722705188,11,9.999999527421178e-09,divvy,Divvy,bike-share station trip-count level,30,3,495
divvy_2024_w72_s24_d30,divvy,4,cholesky_gaussian_ar,,4,364,30,299,353,364,full,domain,divvy_standardized_raw_mean_rmse,Divvy training-standardized station-demand mean RMSE,72,24,"202401,202402,202403,202404,202405,202406,202407,202408,202409,202410,202411,202412",training-standardized,1,first_origin_fit,first_origin_fit,fractional_rolling_origin,10.0,7.833710961981138,7.067573385007526,33.46787227137074,35.68801904265413,0.2854001071218129,0.27619413609438515,4.420320147071364,3.944742442634282,6.027782154294721,29.256374600520417,22.238555345585844,60.051623291046546,0.23778871236630048,0.23571923148963386,0.3017933833618058,11,0.001129405628072488,divvy,Divvy,bike-share station trip-count level,30,3,495
divvy_2024_w72_s24_d30,divvy,4,log_euclidean_gaussian_ar,,4,364,30,299,353,364,full,domain,divvy_standardized_raw_mean_rmse,Divvy training-standardized station-demand mean RMSE,72,24,"202401,202402,202403,202404,202405,202406,202407,202408,202409,202410,202411,202412",training-standardized,1,first_origin_fit,first_origin_fit,fractional_rolling_origin,10.0,7.56199301217831,6.59781213788559,32.00862426301641,33.709810816799575,0.318451711041144,0.2982810986387091,3.2721000851126236,3.0837584621418372,3.800026486074791,42.91285349227841,41.75572442785119,60.605057022093746,0.2492214359090007,0.23218284720943347,0.2807011840587901,11,0.004408589904725756,divvy,Divvy,bike-share station trip-count level,30,3,495
divvy_2024_w72_s24_d30,divvy,4,persistence,,6,364,30,299,353,364,full,domain,divvy_standardized_raw_mean_rmse,Divvy training-standardized station-demand mean RMSE,72,24,"202401,202402,202403,202404,202405,202406,202407,202408,202409,202410,202411,202412",training-standardized,1,first_origin_fit,first_origin_fit,fractional_rolling_origin,,9.019291735012185,8.159083448182534,62.17369818405718,51.92901340890319,0.26248701163846666,0.2590985941900098,5.737705388827401,4.024999732412016,13.054441734192515,36.82939298030614,36.20201260850912,58.10538062785847,0.2036811135852112,0.1585507834943503,0.4096563189532712,11,0.0013370448934652145,divvy,Divvy,bike-share station trip-count level,30,3,495
divvy_2024_w72_s24_d30,divvy,4,raw_var_window_ar,,6,364,30,299,353,364,full,domain,divvy_standardized_raw_mean_rmse,Divvy training-standardized station-demand mean RMSE,72,24,"202401,202402,202403,202404,202405,202406,202407,202408,202409,202410,202411,202412",training-standardized,1,first_origin_fit,first_origin_fit,fractional_rolling_origin,10.0,36.80590593112275,32.4247776834982,1158160074.794615,1003710117.2321664,0.5543902451268222,0.532674239850539,23.606990346719645,23.555960578141423,24.408094925912454,426402711.2885427,417206838.2534489,444342715.3131888,0.7936277919727263,0.7990397563381301,0.8363111785322384,11,,divvy,Divvy,bike-share station trip-count level,30,3,495
divvy_2024_w72_s24_d30,divvy,4,seasonal_window_naive,,6,364,30,299,353,364,full,domain,divvy_standardized_raw_mean_rmse,Divvy training-standardized station-demand mean RMSE,72,24,"202401,202402,202403,202404,202405,202406,202407,202408,202409,202410,202411,202412",training-standardized,1,first_origin_fit,first_origin_fit,fractional_rolling_origin,,9.01934836171284,8.15911280188033,62.21801756323648,51.9434936120344,0.2624870116384667,0.25909859419000986,5.737732835734406,4.025046951948617,13.054385751799643,36.89746921297763,36.27998745645589,58.22143402024522,0.20368111358521127,0.1585507834943503,0.4096563189532712,11,0.0013270548934647412,divvy,Divvy,bike-share station trip-count level,30,3,495
divvy_2024_w72_s24_d30,divvy,4,euclidean_gaussian_ar,,6,364,30,299,353,364,full,domain,divvy_standardized_raw_mean_rmse,Divvy training-standardized station-demand mean RMSE,72,24,"202401,202402,202403,202404,202405,202406,202407,202408,202409,202410,202411,202412",training-standardized,1,first_origin_fit,first_origin_fit,fractional_rolling_origin,1.0,11.16533968068637,8.54286090331791,38685211.14042779,23531537.462873615,0.2709841481276997,0.23732199924783437,6.519091258411413,6.5757698972252125,8.52267678468111,12769723.584430492,12782795.677942185,17829542.065992128,0.2113638419261804,0.20504126715698334,0.2543316062032245,11,9.999999621944983e-09,divvy,Divvy,bike-share station trip-count level,30,3,495
divvy_2024_w72_s24_d30,divvy,4,cholesky_gaussian_ar,,6,364,30,299,353,364,full,domain,divvy_standardized_raw_mean_rmse,Divvy training-standardized station-demand mean RMSE,72,24,"202401,202402,202403,202404,202405,202406,202407,202408,202409,202410,202411,202412",training-standardized,1,first_origin_fit,first_origin_fit,fractional_rolling_origin,1.0,8.747009576422144,6.872366916733524,37.97476761476993,37.93843618296815,0.29690159262997395,0.25098917487212075,2.5228731509629885,2.363669323387672,3.374202295213308,219.77530276484475,152.0423850967104,525.1506240542695,0.14050162121480295,0.1272280280022567,0.17157914754276837,11,5.735045528254964e-05,divvy,Divvy,bike-share station trip-count level,30,3,495
divvy_2024_w72_s24_d30,divvy,4,log_euclidean_gaussian_ar,,6,364,30,299,353,364,full,domain,divvy_standardized_raw_mean_rmse,Divvy training-standardized station-demand mean RMSE,72,24,"202401,202402,202403,202404,202405,202406,202407,202408,202409,202410,202411,202412",training-standardized,1,first_origin_fit,first_origin_fit,fractional_rolling_origin,10.0,8.130992118861665,6.904835568051724,31.448182359789552,33.447433500578995,0.3250341571648424,0.2907529346426959,2.9932055375646245,2.964075949445297,3.871412719874486,41.219069893326065,35.799801026957695,64.0838179833791,0.24523350692565626,0.23467713838620477,0.2863033234120221,11,0.0036034019326676085,divvy,Divvy,bike-share station trip-count level,30,3,495
divvy_2024_w72_s24_d30,divvy,0,bwar_barycenter,bw_barycenter,3,364,30,127,181,224,full,domain,divvy_standardized_raw_mean_rmse,Divvy training-standardized station-demand mean RMSE,72,24,"202401,202402,202403,202404,202405,202406,202407,202408,202409,202410,202411,202412",training-standardized,1,first_origin_fit,first_origin_fit,fractional_rolling_origin,10.0,22.143988220784124,20.070241824313925,54.29126613588943,55.19209388399875,0.4893333837829263,0.48392752842256337,17.87243556162048,15.739173698811037,26.88156440189509,49.61991798809654,48.672288132297965,54.64634274166621,0.40243294635326804,0.3787896225373032,0.5628018214128019,43,0.07352898092726305,divvy,Divvy,bike-share station trip-count level,30,3,495
divvy_2024_w72_s24_d30,divvy,0,bwar_barycenter,bw_barycenter,4,364,30,127,181,224,full,domain,divvy_standardized_raw_mean_rmse,Divvy training-standardized station-demand mean RMSE,72,24,"202401,202402,202403,202404,202405,202406,202407,202408,202409,202410,202411,202412",training-standardized,1,first_origin_fit,first_origin_fit,fractional_rolling_origin,10.0,22.82938854353352,20.449443612815642,55.66720684457385,55.97033193346785,0.5037846419268431,0.5128136587711598,17.82943421993705,16.508750063004175,27.740739044947077,49.41185004681659,48.149950261634814,54.23422248383597,0.3933642851217461,0.37589082637753535,0.5552719645876053,43,0.07960060331448413,divvy,Divvy,bike-share station trip-count level,30,3,495
divvy_2024_w72_s24_d30,divvy,0,bwar_barycenter,bw_barycenter,6,364,30,127,181,224,full,domain,divvy_standardized_raw_mean_rmse,Divvy training-standardized station-demand mean RMSE,72,24,"202401,202402,202403,202404,202405,202406,202407,202408,202409,202410,202411,202412",training-standardized,1,first_origin_fit,first_origin_fit,fractional_rolling_origin,1e-06,26.866000204353295,23.966397869458866,1466.233881121963,1154.8379731835053,0.5090349810322523,0.48913645373599063,31.73811248252287,27.620836057143443,53.08833568718684,1150.0233333292547,981.9911522711027,2012.5154040275913,0.5211572648669703,0.49035465967230185,0.7479525813429676,43,0.00029748736094253344,divvy,Divvy,bike-share station trip-count level,30,3,495
divvy_2024_w72_s24_d30,divvy,1,bwar_barycenter,bw_barycenter,3,364,30,170,224,267,full,domain,divvy_standardized_raw_mean_rmse,Divvy training-standardized station-demand mean RMSE,72,24,"202401,202402,202403,202404,202405,202406,202407,202408,202409,202410,202411,202412",training-standardized,1,first_origin_fit,first_origin_fit,fractional_rolling_origin,1.0,16.82928958533137,14.03057351794289,73.90583174702735,51.868654710775445,0.36564371160039116,0.3343169390055396,19.201403575130687,17.0959644067493,29.331159219059803,51.32038351658583,50.38708025643796,59.476734769809816,0.3917348122521135,0.371213685917993,0.5610484826019655,43,0.019691827662959533,divvy,Divvy,bike-share station trip-count level,30,3,495
divvy_2024_w72_s24_d30,divvy,1,bwar_barycenter,bw_barycenter,4,364,30,170,224,267,full,domain,divvy_standardized_raw_mean_rmse,Divvy training-standardized station-demand mean RMSE,72,24,"202401,202402,202403,202404,202405,202406,202407,202408,202409,202410,202411,202412",training-standardized,1,first_origin_fit,first_origin_fit,fractional_rolling_origin,1.0,16.521136675551617,14.236943219325056,64.1039346550237,51.02909402974859,0.3600897579651357,0.3239844689832925,19.228941787732534,17.051642474790164,31.518983123573047,50.30354077698703,50.39797114049859,56.99098998482489,0.39515856623959594,0.39954814826349544,0.5716656228331173,43,0.016103169952691246,divvy,Divvy,bike-share station trip-count level,30,3,495
divvy_2024_w72_s24_d30,divvy,1,bwar_barycenter,bw_barycenter,6,364,30,170,224,267,full,domain,divvy_standardized_raw_mean_rmse,Divvy training-standardized station-demand mean RMSE,72,24,"202401,202402,202403,202404,202405,202406,202407,202408,202409,202410,202411,202412",training-standardized,1,first_origin_fit,first_origin_fit,fractional_rolling_origin,1.0,16.40211764879037,14.37440092025701,49.991353527416784,50.19814372201762,0.3646569135302808,0.34929604434341943,20.69283348394032,18.595610891334406,32.36044073054025,49.45180025504633,49.45440836587627,56.514986103443036,0.42467717864507254,0.42895967168729887,0.618891482504493,43,0.047601730783712576,divvy,Divvy,bike-share station trip-count level,30,3,495
divvy_2024_w72_s24_d30,divvy,2,bwar_barycenter,bw_barycenter,3,364,30,213,267,310,full,domain,divvy_standardized_raw_mean_rmse,Divvy training-standardized station-demand mean RMSE,72,24,"202401,202402,202403,202404,202405,202406,202407,202408,202409,202410,202411,202412",training-standardized,1,first_origin_fit,first_origin_fit,fractional_rolling_origin,1.0,17.967062647538402,15.193161043075063,50.42480192215498,49.984752395093196,0.3758518959317852,0.35079841732197203,14.252531915122306,12.980485554372367,18.41686262363262,45.71641535145647,46.26024184632398,50.18466247603862,0.34701747898619256,0.33293182026376256,0.42127502403448513,43,0.03650552908833199,divvy,Divvy,bike-share station trip-count level,30,3,495
divvy_2024_w72_s24_d30,divvy,2,bwar_barycenter,bw_barycenter,4,364,30,213,267,310,full,domain,divvy_standardized_raw_mean_rmse,Divvy training-standardized station-demand mean RMSE,72,24,"202401,202402,202403,202404,202405,202406,202407,202408,202409,202410,202411,202412",training-standardized,1,first_origin_fit,first_origin_fit,fractional_rolling_origin,1.0,18.79047672961779,17.44283834395044,50.11777024122365,50.052944433155545,0.38750822586990047,0.37782042467423904,13.924776181134073,11.56365307563283,21.355164887957244,44.53639117753349,44.983665255352136,50.321978230807886,0.34502034744365045,0.3175963036679154,0.46263581583463637,43,0.047114938487854696,divvy,Divvy,bike-share station trip-count level,30,3,495
divvy_2024_w72_s24_d30,divvy,2,bwar_barycenter,bw_barycenter,6,364,30,213,267,310,full,domain,divvy_standardized_raw_mean_rmse,Divvy training-standardized station-demand mean RMSE,72,24,"202401,202402,202403,202404,202405,202406,202407,202408,202409,202410,202411,202412",training-standardized,1,first_origin_fit,first_origin_fit,fractional_rolling_origin,1.0,20.329797500876968,17.741981587552292,50.08292632076947,49.73306473327682,0.41769278752978467,0.4202124717662594,15.05972973665864,13.55494074349308,23.62479621289057,44.31463441595424,44.00861787400901,49.821227380642824,0.3688930836672005,0.3437536525514319,0.549453051811321,43,0.07504055858251514,divvy,Divvy,bike-share station trip-count level,30,3,495
divvy_2024_w72_s24_d30,divvy,3,bwar_barycenter,bw_barycenter,3,364,30,256,310,353,full,domain,divvy_standardized_raw_mean_rmse,Divvy training-standardized station-demand mean RMSE,72,24,"202401,202402,202403,202404,202405,202406,202407,202408,202409,202410,202411,202412",training-standardized,1,first_origin_fit,first_origin_fit,fractional_rolling_origin,1.0,16.831380092651663,14.138693522113588,47.8810906999039,47.75235372406968,0.3850431783903432,0.3626195271380056,8.062254984152743,6.696454363458788,14.00351850678781,28.217012842316535,28.777957377181252,36.29766044036839,0.283338500245651,0.267144325681362,0.435773238297325,43,0.007434292938260411,divvy,Divvy,bike-share station trip-count level,30,3,495
divvy_2024_w72_s24_d30,divvy,3,bwar_barycenter,bw_barycenter,4,364,30,256,310,353,full,domain,divvy_standardized_raw_mean_rmse,Divvy training-standardized station-demand mean RMSE,72,24,"202401,202402,202403,202404,202405,202406,202407,202408,202409,202410,202411,202412",training-standardized,1,first_origin_fit,first_origin_fit,fractional_rolling_origin,1.0,16.509471510797702,14.413458124476293,46.46442261089963,46.3555544901915,0.38538063782350107,0.3539571884412886,8.594843334608306,7.118503717865803,12.961908115006597,27.58230452764895,27.757063411557606,34.97499787714795,0.2949752967327092,0.2789154123206824,0.4211827137869469,43,0.008745620791782137,divvy,Divvy,bike-share station trip-count level,30,3,495
divvy_2024_w72_s24_d30,divvy,3,bwar_barycenter,bw_barycenter,6,364,30,256,310,353,full,domain,divvy_standardized_raw_mean_rmse,Divvy training-standardized station-demand mean RMSE,72,24,"202401,202402,202403,202404,202405,202406,202407,202408,202409,202410,202411,202412",training-standardized,1,first_origin_fit,first_origin_fit,fractional_rolling_origin,1.0,15.92961249073347,13.846852794802665,45.57748409084943,44.60194286381069,0.38443899794690534,0.3666000926853319,9.24051074368312,6.658830140895651,16.497081860326272,27.241188176930347,27.44440854276864,35.90147743980392,0.3070384818337615,0.2843595589551761,0.4845901911413244,43,0.017258465046752713,divvy,Divvy,bike-share station trip-count level,30,3,495
divvy_2024_w72_s24_d30,divvy,4,bwar_barycenter,bw_barycenter,3,364,30,299,353,364,full,domain,divvy_standardized_raw_mean_rmse,Divvy training-standardized station-demand mean RMSE,72,24,"202401,202402,202403,202404,202405,202406,202407,202408,202409,202410,202411,202412",training-standardized,1,first_origin_fit,first_origin_fit,fractional_rolling_origin,10.0,7.221525082731521,6.445771754745284,29.576887398905775,31.255194606611937,0.2633749721126326,0.2569732771865645,5.443481308233297,4.614287463511642,8.031022099381463,17.105501679918017,12.031669722868019,26.88639447936192,0.23671716643527682,0.21675190527881608,0.34037491149887067,11,0.008042998408860523,divvy,Divvy,bike-share station trip-count level,30,3,495
divvy_2024_w72_s24_d30,divvy,4,bwar_barycenter,bw_barycenter,4,364,30,299,353,364,full,domain,divvy_standardized_raw_mean_rmse,Divvy training-standardized station-demand mean RMSE,72,24,"202401,202402,202403,202404,202405,202406,202407,202408,202409,202410,202411,202412",training-standardized,1,first_origin_fit,first_origin_fit,fractional_rolling_origin,10.0,7.788311614589525,6.511462772197651,29.421288237898224,31.32288995703417,0.27570067506253565,0.26273956228625134,6.669473287965095,5.705571349900201,11.757214347006986,14.554944248311985,13.251077448988289,18.266421333557652,0.26926737589767663,0.2542373634329794,0.39992332565925826,11,0.016258645730543607,divvy,Divvy,bike-share station trip-count level,30,3,495
divvy_2024_w72_s24_d30,divvy,4,bwar_barycenter,bw_barycenter,6,364,30,299,353,364,full,domain,divvy_standardized_raw_mean_rmse,Divvy training-standardized station-demand mean RMSE,72,24,"202401,202402,202403,202404,202405,202406,202407,202408,202409,202410,202411,202412",training-standardized,1,first_origin_fit,first_origin_fit,fractional_rolling_origin,1.0,8.41265102951384,6.482005797192105,29.9150087061397,28.823498329812715,0.27984631862982173,0.2547249093093072,5.099708474263043,4.702301040945097,6.893816173128443,12.607985411548674,12.318015988690588,16.71611145076598,0.2386354019102889,0.2471720205373804,0.292613056041881,11,0.008983557528250002,divvy,Divvy,bike-share station trip-count level,30,3,495
