regime,target_delta,horizon,method,n_replications,percent_change_mean,percent_change_se,test_w2_mean,test_w2_se,loss_ratio_mean,loss_ratio_se,repair_rate,start_reference_distance,end_reference_distance,percent_change_ci_low,percent_change_ci_high,test_w2_ci_low,test_w2_ci_high,loss_ratio_ci_low,loss_ratio_ci_high
stable,0.0,1,persistence,100,-18.88767976925677,0.3929756331261185,0.12016997566382472,0.0005282768586825635,1.0,0.0,0.0,4.50603908338973e-08,4.50603908338973e-08,-19.657912010183964,-18.117447528329578,0.11913455302080689,0.12120539830684254,1.0,1.0
stable,0.0,1,euclidean,100,-2.9223962142748814,0.28912839851908406,0.14402087970060548,0.0008230827645223282,1.198645840960194,0.004805625238684533,0.0,4.50603908338973e-08,4.50603908338973e-08,-3.4890878753722863,-2.3557045531774765,0.14240763748214172,0.14563412191906924,1.1892268154923724,1.2080648664280158
stable,0.0,1,cholesky,100,-3.7778144233331985,0.23817059307477556,0.14275552628275037,0.0007851624551992724,1.188159386100789,0.004543663586140981,0.0,4.50603908338973e-08,4.50603908338973e-08,-4.244628785759758,-3.3110000609066383,0.14121660787055978,0.14429444469494096,1.1792538054719528,1.1970649667296254
stable,0.0,1,log_euclidean,100,-3.9887862565782526,0.20599118669625605,0.14245785342893857,0.0007902746252622321,1.1857461840793473,0.0047761365378206615,0.0,4.50603908338973e-08,4.50603908338973e-08,-4.392528982502914,-3.5850435306535906,0.1409089151634246,0.14400679169445255,1.176384956465219,1.1951074116934757
stable,0.0,1,fixed,100,0.0,0.0,0.1483999741587525,0.0008015276019647463,1.2357134922891893,0.005970331871026848,0.0,4.50603908338973e-08,4.50603908338973e-08,0.0,0.0,0.1468289800589016,0.1499709682586034,1.2240116418219766,1.2474153427564019
stable,0.0,1,local,100,0.13131081554041818,0.04726188603662912,0.1485910850946303,0.0007984232628331896,1.237311601325829,0.005960030513999004,0.0,4.50603908338973e-08,4.50603908338973e-08,0.038677518908625114,0.22394411217221125,0.14702617549947725,0.15015599468978333,1.2256299415183909,1.248993261133267
stable,0.0,3,persistence,100,20.241230796135497,0.801675361569464,0.2641044281693533,0.0014704001931978255,1.0,0.0,0.0,4.50603908338973e-08,4.50603908338973e-08,18.66994708745935,21.812514504811645,0.2612224437906856,0.266986412548021,1.0,1.0
stable,0.0,3,euclidean,100,1.522397508516876,0.23009874312147197,0.22390158054517056,0.001908296138563817,0.8475054643411366,0.0050983784171344014,0.0,4.50603908338973e-08,4.50603908338973e-08,1.071403971998791,1.973391045034961,0.2201613201135855,0.22764184097675563,0.8375126426435532,0.85749828603872
stable,0.0,3,cholesky,100,1.2056215948202638,0.27286613226148293,0.22324283136577489,0.0019801196648062446,0.8448444447391104,0.005217904156677186,0.0,4.50603908338973e-08,4.50603908338973e-08,0.6708039755877573,1.7404392140527702,0.21936179682275464,0.22712386590879513,0.8346173525920231,0.8550715368861976
stable,0.0,3,log_euclidean,100,1.9127877063019858,0.24788488147072235,0.22486134510279718,0.00203898414182446,0.8509135256559928,0.005419268294214136,0.0,4.50603908338973e-08,4.50603908338973e-08,1.4269333386193699,2.3986420739846017,0.22086493618482123,0.22885775402077313,0.840291759799333,0.8615352915126525
stable,0.0,3,fixed,100,0.0,0.0,0.2206383436085029,0.0019258787830913012,0.8354192310572178,0.0057278293062151394,0.0,4.50603908338973e-08,4.50603908338973e-08,0.0,0.0,0.21686362119364394,0.22441306602336186,0.8241926856170362,0.8466457764973995
stable,0.0,3,local,100,0.17210834418182963,0.023841168158200945,0.22101215802172658,0.0019226700541681127,0.8368368508329468,0.005708975599519695,0.0,4.50603908338973e-08,4.50603908338973e-08,0.1253796545917558,0.21883703377190347,0.21724372471555708,0.22478059132789607,0.8256472586578882,0.8480264430080053
stable,0.0,6,persistence,100,50.686556607098275,1.1443003667743041,0.3604016856286531,0.0027143010090004806,1.0,0.0,0.0,4.50603908338973e-08,4.50603908338973e-08,48.443727888220636,52.929385325975915,0.3550816556510122,0.365721715606294,1.0,1.0
stable,0.0,6,euclidean,100,0.854596956645845,0.14890817776130527,0.24246700704039748,0.0024971208137600726,0.6730158988162954,0.005051817832223466,0.0,4.50603908338973e-08,4.50603908338973e-08,0.5627369282336867,1.1464569850580033,0.23757265024542773,0.24736136383536722,0.6631143358651375,0.6829174617674534
stable,0.0,6,cholesky,100,1.6916244396800755,0.15659847298662938,0.244479796859023,0.002521887181216682,0.6785462853259855,0.005035658110921962,0.0,4.50603908338973e-08,4.50603908338973e-08,1.384691432626282,1.998557446733869,0.2395368979838383,0.2494226957342077,0.6686763954285785,0.6884161752233925
stable,0.0,6,log_euclidean,100,1.4422118299329065,0.16523522553786352,0.24393304300231033,0.0025704720850788622,0.67695139762636,0.005133607719254917,0.0,4.50603908338973e-08,4.50603908338973e-08,1.118350787878694,1.766072871987119,0.23889491771555577,0.2489711682890649,0.6668895264966204,0.6870132687560997
stable,0.0,6,fixed,100,0.0,0.0,0.2404189046255769,0.002459211657549496,0.6674573955675043,0.005125207765059583,0.0,4.50603908338973e-08,4.50603908338973e-08,0.0,0.0,0.2355988497767799,0.24523895947437394,0.6574119883479875,0.677502802787021
stable,0.0,6,local,100,0.220003226314827,0.007303759522689707,0.2409501321561898,0.002466797672466794,0.6689306750410959,0.005143330310988686,0.0,4.50603908338973e-08,4.50603908338973e-08,0.20568785765035516,0.23431859497929883,0.2361152087181549,0.2457850555942247,0.6588497476315581,0.6790116024506337
continuing,0.0,1,persistence,100,-18.88767976925677,0.3929756331261185,0.12016997566382472,0.0005282768586825635,1.0,0.0,0.0,4.50603908338973e-08,4.50603908338973e-08,-19.657912010183964,-18.117447528329578,0.11913455302080689,0.12120539830684254,1.0,1.0
continuing,0.0,1,euclidean,100,-2.9223962142748814,0.28912839851908406,0.14402087970060548,0.0008230827645223282,1.198645840960194,0.004805625238684533,0.0,4.50603908338973e-08,4.50603908338973e-08,-3.4890878753722863,-2.3557045531774765,0.14240763748214172,0.14563412191906924,1.1892268154923724,1.2080648664280158
continuing,0.0,1,cholesky,100,-3.7778144233331985,0.23817059307477556,0.14275552628275037,0.0007851624551992724,1.188159386100789,0.004543663586140981,0.0,4.50603908338973e-08,4.50603908338973e-08,-4.244628785759758,-3.3110000609066383,0.14121660787055978,0.14429444469494096,1.1792538054719528,1.1970649667296254
continuing,0.0,1,log_euclidean,100,-3.9887862565782526,0.20599118669625605,0.14245785342893857,0.0007902746252622321,1.1857461840793473,0.0047761365378206615,0.0,4.50603908338973e-08,4.50603908338973e-08,-4.392528982502914,-3.5850435306535906,0.1409089151634246,0.14400679169445255,1.176384956465219,1.1951074116934757
continuing,0.0,1,fixed,100,0.0,0.0,0.1483999741587525,0.0008015276019647463,1.2357134922891893,0.005970331871026848,0.0,4.50603908338973e-08,4.50603908338973e-08,0.0,0.0,0.1468289800589016,0.1499709682586034,1.2240116418219766,1.2474153427564019
continuing,0.0,1,local,100,0.13131081554041818,0.04726188603662912,0.1485910850946303,0.0007984232628331896,1.237311601325829,0.005960030513999004,0.0,4.50603908338973e-08,4.50603908338973e-08,0.038677518908625114,0.22394411217221125,0.14702617549947725,0.15015599468978333,1.2256299415183909,1.248993261133267
continuing,0.0,3,persistence,100,20.241230796135497,0.801675361569464,0.2641044281693533,0.0014704001931978255,1.0,0.0,0.0,4.50603908338973e-08,4.50603908338973e-08,18.66994708745935,21.812514504811645,0.2612224437906856,0.266986412548021,1.0,1.0
continuing,0.0,3,euclidean,100,1.522397508516876,0.23009874312147197,0.22390158054517056,0.001908296138563817,0.8475054643411366,0.0050983784171344014,0.0,4.50603908338973e-08,4.50603908338973e-08,1.071403971998791,1.973391045034961,0.2201613201135855,0.22764184097675563,0.8375126426435532,0.85749828603872
continuing,0.0,3,cholesky,100,1.2056215948202638,0.27286613226148293,0.22324283136577489,0.0019801196648062446,0.8448444447391104,0.005217904156677186,0.0,4.50603908338973e-08,4.50603908338973e-08,0.6708039755877573,1.7404392140527702,0.21936179682275464,0.22712386590879513,0.8346173525920231,0.8550715368861976
continuing,0.0,3,log_euclidean,100,1.9127877063019858,0.24788488147072235,0.22486134510279718,0.00203898414182446,0.8509135256559928,0.005419268294214136,0.0,4.50603908338973e-08,4.50603908338973e-08,1.4269333386193699,2.3986420739846017,0.22086493618482123,0.22885775402077313,0.840291759799333,0.8615352915126525
continuing,0.0,3,fixed,100,0.0,0.0,0.2206383436085029,0.0019258787830913012,0.8354192310572178,0.0057278293062151394,0.0,4.50603908338973e-08,4.50603908338973e-08,0.0,0.0,0.21686362119364394,0.22441306602336186,0.8241926856170362,0.8466457764973995
continuing,0.0,3,local,100,0.17210834418182963,0.023841168158200945,0.22101215802172658,0.0019226700541681127,0.8368368508329468,0.005708975599519695,0.0,4.50603908338973e-08,4.50603908338973e-08,0.1253796545917558,0.21883703377190347,0.21724372471555708,0.22478059132789607,0.8256472586578882,0.8480264430080053
continuing,0.0,6,persistence,100,50.686556607098275,1.1443003667743041,0.3604016856286531,0.0027143010090004806,1.0,0.0,0.0,4.50603908338973e-08,4.50603908338973e-08,48.443727888220636,52.929385325975915,0.3550816556510122,0.365721715606294,1.0,1.0
continuing,0.0,6,euclidean,100,0.854596956645845,0.14890817776130527,0.24246700704039748,0.0024971208137600726,0.6730158988162954,0.005051817832223466,0.0,4.50603908338973e-08,4.50603908338973e-08,0.5627369282336867,1.1464569850580033,0.23757265024542773,0.24736136383536722,0.6631143358651375,0.6829174617674534
continuing,0.0,6,cholesky,100,1.6916244396800755,0.15659847298662938,0.244479796859023,0.002521887181216682,0.6785462853259855,0.005035658110921962,0.0,4.50603908338973e-08,4.50603908338973e-08,1.384691432626282,1.998557446733869,0.2395368979838383,0.2494226957342077,0.6686763954285785,0.6884161752233925
continuing,0.0,6,log_euclidean,100,1.4422118299329065,0.16523522553786352,0.24393304300231033,0.0025704720850788622,0.67695139762636,0.005133607719254917,0.0,4.50603908338973e-08,4.50603908338973e-08,1.118350787878694,1.766072871987119,0.23889491771555577,0.2489711682890649,0.6668895264966204,0.6870132687560997
continuing,0.0,6,fixed,100,0.0,0.0,0.2404189046255769,0.002459211657549496,0.6674573955675043,0.005125207765059583,0.0,4.50603908338973e-08,4.50603908338973e-08,0.0,0.0,0.2355988497767799,0.24523895947437394,0.6574119883479875,0.677502802787021
continuing,0.0,6,local,100,0.220003226314827,0.007303759522689707,0.2409501321561898,0.002466797672466794,0.6689306750410959,0.005143330310988686,0.0,4.50603908338973e-08,4.50603908338973e-08,0.20568785765035516,0.23431859497929883,0.2361152087181549,0.2457850555942247,0.6588497476315581,0.6790116024506337
stable,0.6,1,persistence,100,-17.94401717513246,0.38865189915213005,0.1322570459466196,0.0009573544946513992,1.0,0.0,0.0,0.599999999999999,0.599999999999999,-18.705774897470633,-17.182259452794284,0.13038063113710285,0.13413346075613636,1.0,1.0
stable,0.6,1,euclidean,100,-0.862184131045072,0.2714411151578774,0.15998056284849466,0.0012571905525775447,1.2098550661341796,0.004406410013818647,0.0,0.599999999999999,0.599999999999999,-1.3942087167545116,-0.3301595453356323,0.15751646936544267,0.16244465633154664,1.201218502507095,1.2184916297612642
stable,0.6,1,cholesky,100,-2.117416278132322,0.27480072879479117,0.15795785785080177,0.001248735510931966,1.1947335430898476,0.00493222294065787,0.0,0.599999999999999,0.599999999999999,-2.6560257065701127,-1.5788068496945313,0.1555103362493751,0.16040537945222844,1.1850663861261581,1.204400700053537
stable,0.6,1,log_euclidean,100,-2.2301455833583135,0.20872909940163117,0.15780919947019187,0.0012523983533432694,1.1935763896479172,0.004953867610230697,0.0,0.599999999999999,0.599999999999999,-2.6392546181855105,-1.8210365485311164,0.15535449869763907,0.16026390024274467,1.1838668091318651,1.2032859701639693
stable,0.6,1,fixed,100,0.0,0.0,0.1613485842803597,0.0011523181973669785,1.2213468739428688,0.005707464071349634,0.0,0.599999999999999,0.599999999999999,0.0,0.0,0.15909004061352042,0.16360712794719898,1.2101602443630235,1.232533503522714
stable,0.6,1,local,100,1.35790406942516,0.11896389031249184,0.16360032943755798,0.0012663134827449673,1.238011169031844,0.0061480231071762426,0.0,0.599999999999999,0.599999999999999,1.1247348444126761,1.591073294437644,0.16111835501137783,0.16608230386373812,1.2259610437417787,1.2500612943219094
stable,0.6,3,persistence,100,19.837140829313956,0.8180705166598606,0.28986121119630304,0.0023230828268521724,1.0,0.0,0.0,0.599999999999999,0.599999999999999,18.23372261666063,21.440559041967283,0.2853079688556728,0.2944144535369333,1.0,1.0
stable,0.6,3,euclidean,100,2.681311903106506,0.2979831383117691,0.24931856642778422,0.0025187025061388407,0.8601274891742601,0.005336241609356471,0.01,0.599999999999999,0.599999999999999,2.0972649520154385,3.2653588541975735,0.2443819095157521,0.2542552233398163,0.8496684556199214,0.8705865227285987
stable,0.6,3,cholesky,100,2.054384695025249,0.2872730027742815,0.24783153930141735,0.0025353923213478147,0.8548587468023895,0.005247655165563218,0.0,0.599999999999999,0.599999999999999,1.4913296095876574,2.617439780462841,0.24286217035157565,0.25280090825125906,0.8445733426778855,0.8651441509268935
stable,0.6,3,log_euclidean,100,2.3190612647383575,0.24630343543958616,0.24852656964194308,0.002570870774772035,0.8572732872126685,0.005451202722538042,0.0,0.599999999999999,0.599999999999999,1.8363065312767686,2.801815998199946,0.24348766292338989,0.25356547636049626,0.8465889298764939,0.867957644548843
stable,0.6,3,fixed,100,0.0,0.0,0.24287896072198528,0.002445850670485991,0.8384242969020211,0.005899718954831236,0.0,0.599999999999999,0.599999999999999,0.0,0.0,0.23808509340783274,0.24767282803613783,0.8268608477505519,0.8499877460534904
stable,0.6,3,local,100,0.4892717923759943,0.06347525311187238,0.24413866217173458,0.0025410831934941725,0.8427112100800032,0.006239473621231418,0.0,0.599999999999999,0.599999999999999,0.3648602962767244,0.6136832884752641,0.239158139112486,0.24911918523098314,0.8304818417823896,0.8549405783776167
stable,0.6,6,persistence,100,49.09094506573817,1.2196569157556583,0.3948899579182428,0.0038953246708227918,1.0,0.0,0.0,0.599999999999999,0.599999999999999,46.70041751085708,51.48147262061926,0.3872551215634301,0.40252479427305543,1.0,1.0
stable,0.6,6,euclidean,100,1.7056635574782972,0.24281318485918915,0.2707849827845515,0.003232227895626585,0.6862612709968283,0.005286373017933805,0.01,0.599999999999999,0.599999999999999,1.2297497151542864,2.181577399802308,0.2644498161091234,0.2771201494599796,0.675899979881678,0.6966225621119786
stable,0.6,6,cholesky,100,2.6211524087867573,0.22142722461415604,0.27326465146271284,0.003286518923184207,0.6926043713412979,0.005501261820215133,0.0,0.599999999999999,0.599999999999999,2.1871550485430116,3.055149769030503,0.2668230743732718,0.2797062285521539,0.6818218981736762,0.7033868445089196
stable,0.6,6,log_euclidean,100,2.2214196224324696,0.20778178347717388,0.27229442418252126,0.0033569389019697735,0.6900095412086642,0.005606520345732659,0.0,0.599999999999999,0.599999999999999,1.8141673268172087,2.6286719180477305,0.2657148239346605,0.278874024430382,0.6790207613310282,0.7009983210863002
stable,0.6,6,fixed,100,0.0,0.0,0.26626893964645043,0.003164167209325142,0.675267713612476,0.005653262120383458,0.0,0.599999999999999,0.599999999999999,0.0,0.0,0.2600671719161732,0.2724707073767277,0.6641873198565243,0.6863481073684276
stable,0.6,6,local,100,0.20006685191699758,0.029937292985862098,0.2668401044845021,0.0032118274240578843,0.6766934768826635,0.005774641637676478,0.0,0.599999999999999,0.599999999999999,0.14138975766470788,0.2587439461692873,0.26054492273334867,0.2731352862356556,0.6653751792728175,0.6880117744925094
continuing,0.6,1,persistence,100,-17.988050267416323,0.38915148227252866,0.1410292802878588,0.0011898485931180229,1.0,0.0,0.0,0.599999999999999,0.9930227705319349,-18.750787172670478,-17.22531336216217,0.13869717704534748,0.14336138353037012,1.0,1.0
continuing,0.6,1,euclidean,100,0.07676581103785284,0.2870270234337041,0.17231276434964593,0.0015659766759526389,1.2219643066324821,0.004547545313891507,0.02,0.599999999999999,0.9930227705319349,-0.48580715489220727,0.639338776967913,0.16924345006477876,0.1753820786345131,1.2130511178172547,1.2308774954477095
continuing,0.6,1,cholesky,100,-1.0507410665946384,0.32324468152908853,0.1703661476984274,0.0015704155070607457,1.2084766408237617,0.005533911999802225,0.0,0.599999999999999,0.9930227705319349,-1.6843006423916518,-0.4171814907976249,0.16728813330458833,0.17344416209226646,1.1976301733041494,1.219323108343374
continuing,0.6,1,log_euclidean,100,-1.0537810492694586,0.22446646995565717,0.17041117346803175,0.001565185876777965,1.2086247190667998,0.0051923068923007635,0.0,0.599999999999999,0.9930227705319349,-1.4937353303825467,-0.6138267681563705,0.16734340914954693,0.17347893778651657,1.1984477975578902,1.2188016405757094
continuing,0.6,1,fixed,100,0.0,0.0,0.17210038266784497,0.0013853711379582787,1.2220107927428883,0.005715469225400114,0.0,0.599999999999999,0.9930227705319349,0.0,0.0,0.16938505523744674,0.1748157100982432,1.210808473061104,1.2332131124246726
continuing,0.6,1,local,100,1.8216240446095164,0.1359954953800701,0.17532688811698022,0.0015400723493352248,1.2443729711088036,0.00627444550446424,0.0,0.599999999999999,0.9930227705319349,1.555072873664579,2.088175215554454,0.17230834631228317,0.17834542992167726,1.2320750579200537,1.2566708842975536
continuing,0.6,3,persistence,100,17.35267040047288,0.8028777491452466,0.3092353635792911,0.002835609595887758,1.0,0.0,0.0,0.599999999999999,0.9930227705319349,15.779030012148198,18.926310788797565,0.3036775687713511,0.3147931583872311,1.0,1.0
continuing,0.6,3,euclidean,100,2.8754551542813305,0.3328045359464465,0.27212238784096776,0.0030318748876535977,0.8800077434128356,0.005619559626314696,0.03,0.599999999999999,0.9930227705319349,2.2231582638262952,3.5277520447363657,0.26617991306116673,0.2780648626207688,0.8689934065452588,0.8910220802804124
continuing,0.6,3,cholesky,100,3.0436970310242475,0.3545019705968538,0.2726650226963442,0.00314561746442311,0.8814326878665034,0.005676250936802048,0.0,0.599999999999999,0.9930227705319349,2.348873168654414,3.738520893394081,0.2664996124660749,0.27883043292661347,0.8703072360303714,0.8925581397026354
continuing,0.6,3,log_euclidean,100,3.240987895827842,0.2645184847682433,0.2732497347804388,0.0031444308156082157,0.8833934470387859,0.005799953193920145,0.0,0.599999999999999,0.9930227705319349,2.7225316656820855,3.759444125973599,0.2670866503818467,0.2794128191790309,0.8720255387787024,0.8947613552988694
continuing,0.6,3,fixed,100,0.0,0.0,0.2645293042232536,0.0028547018049234225,0.8561519563207806,0.005975225425807752,0.0,0.599999999999999,0.9930227705319349,0.0,0.0,0.2589340886856037,0.2701245197609035,0.8444405144861974,0.8678633981553637
continuing,0.6,3,local,100,0.4444290350629989,0.07890112396419414,0.26581862065977846,0.0029887446861881096,0.8601999118120655,0.006404536211671552,0.0,0.599999999999999,0.9930227705319349,0.2897828320931784,0.5990752380328195,0.25996068107484976,0.27167656024470715,0.8476470208371892,0.8727528027869417
continuing,0.6,6,persistence,100,43.46027243467328,1.1969819882052035,0.4222651426896724,0.004615184945904638,1.0,0.0,0.0,0.599999999999999,0.9930227705319349,41.11418773779108,45.80635713155548,0.4132193801956993,0.4313109051836455,1.0,1.0
continuing,0.6,6,euclidean,100,1.3442449188309769,0.265595360011674,0.2998314537666159,0.0038198103160558793,0.7107564244041572,0.0055393744180688665,0.02,0.599999999999999,0.9930227705319349,0.8236780132080959,1.8648118244538578,0.2923446255471464,0.3073182819860854,0.6998992505447422,0.7216135982635722
continuing,0.6,6,cholesky,100,3.8200558424268007,0.325387734428923,0.30730511306360137,0.004058702822131435,0.72841267559771,0.006142881228420208,0.0,0.599999999999999,0.9930227705319349,3.1822958829461117,4.45781580190749,0.29935005553222377,0.31526017059497896,0.7163726283900064,0.7404527228054135
continuing,0.6,6,log_euclidean,100,3.3220461969835564,0.22755371322430323,0.30595189260745775,0.004095534384806162,0.7250055024320584,0.006056699099897378,0.0,0.599999999999999,0.9930227705319349,2.876040919063922,3.768051474903191,0.2979246452132377,0.3139791400016778,0.7131343721962595,0.7368766326678573
continuing,0.6,6,fixed,100,0.0,0.0,0.29585237048957036,0.0037122167895661923,0.7019250701777036,0.005941326272288843,0.0,0.599999999999999,0.9930227705319349,0.0,0.0,0.2885764255820206,0.3031283153971201,0.6902800706840174,0.7135700696713897
continuing,0.6,6,local,100,-0.09927733206150297,0.03828605583037545,0.2956236657738167,0.0037712660590635792,0.7013280561659276,0.0060745648914343415,0.0,0.599999999999999,0.9930227705319349,-0.17431800148903884,-0.024236662633967093,0.2882319842980521,0.30301534724958135,0.6894219089787164,0.7132342033531389
stable,1.2,1,persistence,100,-15.534776617468642,0.39577115545934843,0.1674563620117739,0.0016823953419109593,1.0,0.0,0.0,1.1999999999999995,1.1999999999999995,-16.310488082168966,-14.759065152768319,0.16415886714162845,0.17075385688191938,1.0,1.0
stable,1.2,1,euclidean,100,5.003336240796919,0.31833390084060864,0.20851400718301086,0.0022980815446305394,1.2449738744067513,0.005127558093008514,0.18,1.1999999999999995,1.1999999999999995,4.3794017951493265,5.627270686444512,0.204009767355535,0.21301824701048672,1.2349238605444546,1.255023888269048
stable,1.2,1,cholesky,100,1.7642864888446512,0.4382585070509391,0.20203761125476663,0.002290248742775354,1.2069689514504658,0.006934801603656707,0.0,1.1999999999999995,1.1999999999999995,0.9052998150248106,2.623273162664492,0.19754872371892693,0.20652649879060633,1.1933767403072986,1.220561162593633
stable,1.2,1,log_euclidean,100,1.8887844868308017,0.22474616330120673,0.2023171759463824,0.002171402893386735,1.2085763986074038,0.005587414820288888,0.0,1.1999999999999995,1.1999999999999995,1.4482820067604365,2.329286966901167,0.1980612262753444,0.20657312561742042,1.1976250655596377,1.21952773165517
stable,1.2,1,fixed,100,0.0,0.0,0.19836868779758343,0.0018913239744605497,1.186422042969071,0.0054160645129834465,0.0,1.1999999999999995,1.1999999999999995,0.0,0.0,0.19466169280764076,0.2020756827875261,1.1758065565236235,1.1970375294145186
stable,1.2,1,local,100,4.106485034007247,0.19496526280796309,0.20664465937732954,0.002138951879934543,1.2354221831449612,0.006668618460186878,0.0,1.1999999999999995,1.1999999999999995,3.724353118903639,4.488616949110854,0.20245231369265784,0.21083700506200123,1.222351690962995,1.2484926753269274
stable,1.2,3,persistence,100,19.638267855004077,0.8464907985044517,0.36604093209369304,0.003869490386572557,1.0,0.0,0.0,1.1999999999999995,1.1999999999999995,17.979145889935353,21.2973898200728,0.3584567309360108,0.37362513325137525,1.0,1.0
stable,1.2,3,euclidean,100,7.063475321059531,0.45619321726922096,0.3289146819426367,0.004200910184187636,0.8985360812363075,0.00631733045981415,0.18,1.1999999999999995,1.1999999999999995,6.169336615211858,7.957614026907205,0.3206808979816289,0.33714846590364445,0.8861541135350717,0.9109180489375432
stable,1.2,3,cholesky,100,4.588703635906675,0.4457602163014706,0.32140867409955653,0.004199519286667628,0.877831419740671,0.006229937439649164,0.0,1.1999999999999995,1.1999999999999995,3.715013611955792,5.462393659857557,0.313177616297688,0.3296397319014251,0.8656207423589587,0.8900420971223834
stable,1.2,3,log_euclidean,100,4.200173315612496,0.24268752382152708,0.3202606824209744,0.004061649104575957,0.8750264696261921,0.006146808837426931,0.0,1.1999999999999995,1.1999999999999995,3.7245057689223025,4.675840862302689,0.31229985017600553,0.32822151466594324,0.8629787243048354,0.8870742149475489
stable,1.2,3,fixed,100,0.0,0.0,0.3071670673981759,0.0036882959755571744,0.8400670909307447,0.006061408479347566,0.0,1.1999999999999995,1.1999999999999995,0.0,0.0,0.29993800728608383,0.31439612751026796,0.8281867303112235,0.851947451550266
stable,1.2,3,local,100,1.280204075823106,0.13866968632656185,0.311285591565014,0.003941224940209467,0.8513440736174976,0.006998880358427341,0.0,1.1999999999999995,1.1999999999999995,1.0084114906230446,1.5519966610231672,0.30356079068220343,0.3190103924478246,0.8376262681149801,0.8650618791200152
stable,1.2,6,persistence,100,46.29077425809127,1.3055794420356572,0.4973607170383756,0.006078842846706611,1.0,0.0,0.0,1.1999999999999995,1.1999999999999995,43.73183855170138,48.84970996448116,0.48544618505883064,0.5092752490179205,1.0,1.0
stable,1.2,6,euclidean,100,5.059236669951683,0.44138888273082133,0.3597247605599952,0.005529569780426689,0.7229742670157002,0.006205473868774915,0.14,1.1999999999999995,1.1999999999999995,4.194114459799273,5.9243588801040925,0.34888680379035886,0.37056271732963153,0.7108115382329014,0.735136995798499
stable,1.2,6,cholesky,100,4.3498586866293545,0.3949925848550066,0.35709465912703,0.00529086603195131,0.7186183534765935,0.006548586957713161,0.0,1.1999999999999995,1.1999999999999995,3.5756732203135417,5.124044152945167,0.3467245617044054,0.36746475654965455,0.7057831230394758,0.7314535839137113
stable,1.2,6,log_euclidean,100,3.490750759040628,0.2359755570318796,0.3541839103349187,0.005185614723841206,0.7128369490016353,0.006383809664382224,0.0,1.1999999999999995,1.1999999999999995,3.028238667258144,3.953262850823112,0.34402010547618994,0.36434771519364745,0.7003246820594461,0.7253492159438245
stable,1.2,6,fixed,100,0.0,0.0,0.34200022382147877,0.004794089129185185,0.6890888950862459,0.006310455884405526,0.0,1.1999999999999995,1.1999999999999995,0.0,0.0,0.3326038091282758,0.3513966385146817,0.6767204015528111,0.7014573886196808
stable,1.2,6,local,100,0.39145578240104584,0.08521670980908252,0.343432684184124,0.004920734112298024,0.6920529365052543,0.00670147814932526,0.0,1.1999999999999995,1.1999999999999995,0.2244310311752441,0.5584805336268476,0.33378804532401984,0.3530773230442281,0.6789180393325769,0.7051878336779318
continuing,1.2,1,persistence,100,-16.060456115824994,0.3779227206540151,0.20628212300943688,0.002215421556759593,1.0,0.0,0.0,1.1999999999999995,2.161362722556174,-16.801184648306865,-15.319727583343125,0.20193989675818808,0.21062434926068568,1.0,1.0
continuing,1.2,1,euclidean,100,8.273564078258742,0.35226694179254425,0.2665788337270259,0.0031868077292745655,1.2917930231756198,0.005783386554259452,0.58,1.1999999999999995,2.161362722556174,7.583120872345355,8.964007284172128,0.26033269057764774,0.27282497687640406,1.2804575855292712,1.3031284608219684
continuing,1.2,1,cholesky,100,5.232681269148678,0.71483055051904,0.25896406617329876,0.0034366932848693965,1.255955966257312,0.009926958174213222,0.0,1.1999999999999995,2.161362722556174,3.8316133901313596,6.633749148165997,0.25222814733495474,0.26569998501164277,1.2364991282358542,1.27541280427877
continuing,1.2,1,log_euclidean,100,5.8163962474636115,0.2607224181542479,0.26044964774191226,0.002992920633989582,1.2629754119661947,0.006120835113147408,0.0,1.1999999999999995,2.161362722556174,5.305380307881285,6.327412187045938,0.2545835232992927,0.26631577218453184,1.2509785751444258,1.2749722487879636
continuing,1.2,1,fixed,100,0.0,0.0,0.24581094881100998,0.0024612824003169007,1.193672475719237,0.005262054816782705,0.0,1.1999999999999995,2.161362722556174,0.0,0.0,0.24098683530638887,0.2506350623156311,1.1833588482783428,1.203986103160131
continuing,1.2,1,local,100,5.744116585210286,0.2387821700223375,0.26006968243284667,0.002802935941215685,1.2625056568575093,0.006777753798598236,0.0,1.1999999999999995,2.161362722556174,5.276103531966504,6.212129638454067,0.25457592798806394,0.2655634368776294,1.2492212594122567,1.2757900543027618
continuing,1.2,3,persistence,100,11.74411064091025,0.7745478112371057,0.4525023615391162,0.005125851882050682,1.0,0.0,0.0,1.1999999999999995,2.161362722556174,10.225996930885524,13.262224350934977,0.4424556918502969,0.46254903122793556,1.0,1.0
continuing,1.2,3,euclidean,100,8.630668858209901,0.5711937172154848,0.44152136263304453,0.006019069694464431,0.9760831568661698,0.0076399837893931415,0.45,1.1999999999999995,2.161362722556174,7.511129172467551,9.750208543952251,0.42972398603189427,0.4533187392341948,0.9611087886389592,0.9910575250933803
continuing,1.2,3,cholesky,100,7.911752032963754,0.7871688842209604,0.4388058280109024,0.006595541708280889,0.969342323733355,0.00860333566698274,0.0,1.1999999999999995,2.161362722556174,6.3689010198906715,9.454603046036837,0.42587856626267184,0.45173308975913296,0.9524797858260688,0.9862048616406413
continuing,1.2,3,log_euclidean,100,7.196052273550094,0.2740029324836443,0.4359453858195411,0.005793171322748035,0.9637654103132747,0.006975112317108333,0.0,1.1999999999999995,2.161362722556174,6.659006525882151,7.733098021218036,0.424590770026955,0.44730000161212724,0.9500941901717423,0.977436630454807
continuing,1.2,3,fixed,100,0.0,0.0,0.4060962720289632,0.004818437231322682,0.8991264375691027,0.006191262223795068,0.0,1.1999999999999995,2.161362722556174,0.0,0.0,0.39665213505557073,0.41554040900235567,0.8869915636104644,0.911261311527741
continuing,1.2,3,local,100,1.7677205321518286,0.19689312410049564,0.4136105980633413,0.0052652850913344875,0.9156876613268267,0.007455539012560086,0.0,1.1999999999999995,2.161362722556174,1.381810008914857,2.1536310553888,0.4032906392843257,0.42393055684235686,0.9010748048622089,0.9303005177914444
continuing,1.2,6,persistence,100,28.998746204758113,1.1552576020349767,0.620703690881664,0.00801041164017714,1.0,0.0,0.0,1.1999999999999995,2.161362722556174,26.734441304769557,31.26305110474667,0.6050032840669168,0.6364040976964112,1.0,1.0
continuing,1.2,6,euclidean,100,5.099502058145233,0.5448315739565801,0.5088964879724525,0.008005502255174036,0.8199520321662558,0.00720887832917792,0.39,1.1999999999999995,2.161362722556174,4.031632173190336,6.16737194310013,0.49320570355231136,0.5245872723925936,0.8058226306410671,0.8340814336914445
continuing,1.2,6,cholesky,100,7.914140810159462,0.7834509764691839,0.5222313539855831,0.008384710112676,0.8426458881332415,0.00907675335833783,0.0,1.1999999999999995,2.161362722556174,6.378576896279862,9.449704724039062,0.5057973221647382,0.538665385806428,0.8248554515508993,0.8604363247155836
continuing,1.2,6,log_euclidean,100,6.766547160140638,0.2787225250669657,0.5168199436652169,0.00766760912056001,0.8340237772362802,0.00757662199388692,0.0,1.1999999999999995,2.161362722556174,6.220251011009385,7.312843309271891,0.5017914297889192,0.5318484575415146,0.8191735981282618,0.8488739563442985
continuing,1.2,6,fixed,100,0.0,0.0,0.4833178930964893,0.0065064389894906455,0.781327164825747,0.006960307230933644,0.0,1.1999999999999995,2.161362722556174,0.0,0.0,0.47056527267708764,0.496070513515891,0.7676849626531171,0.794969366998377
continuing,1.2,6,local,100,0.20040963033512005,0.1282968297612323,0.48456469573257777,0.0067799337970577325,0.7833225252315882,0.007531393815140394,0.0,1.1999999999999995,2.161362722556174,-0.051052155996895277,0.4518714166671354,0.4712760254903446,0.49785336597481095,0.768560993353913,0.7980840571092633
stable,1.8,1,persistence,100,-13.29429954380388,0.4025637531223423,0.22221176801062126,0.0023656844939857324,1.0,0.0,0.0,1.8,1.8,-14.083324499923672,-12.50527458768409,0.21757502640240922,0.2268485096188333,1.0,1.0
stable,1.8,1,euclidean,100,11.884823860516097,0.38298079595418694,0.28728239059637206,0.0034204462215098263,1.2925786889245812,0.00638929772274547,0.62,1.8,1.8,11.13418150044589,12.635466220586302,0.2805783160022128,0.29398646519053134,1.280055665388,1.3051017124611624
stable,1.8,1,cholesky,100,6.243314769513424,0.791382601653644,0.2729211679461687,0.0039088082154882554,1.2280099934636381,0.010874295725043556,0.0,1.8,1.8,4.692204870272282,7.794424668754567,0.26525990384381176,0.2805824320485257,1.2066963738425527,1.2493236130847236
stable,1.8,1,log_euclidean,100,6.102755006493279,0.24827566252786112,0.2724155691473825,0.003145612531081251,1.2262980476325331,0.006329675147800806,0.0,1.8,1.8,5.616134707938671,6.589375305047887,0.2662501685864633,0.27858096970830176,1.2138918843428435,1.2387042109222228
stable,1.8,1,fixed,100,0.0,0.0,0.2564472237359873,0.0026284670650944795,1.1557102159652153,0.005204589868607599,0.0,1.8,1.8,0.0,0.0,0.25129542828840207,0.2615990191835725,1.1455092198227443,1.1659112121076862
stable,1.8,1,local,100,6.471117741125263,0.26475810567002744,0.2731590078216565,0.0029917962299049277,1.230937233541604,0.007165680768284046,0.0,1.8,1.8,5.952191854012009,6.990043628238517,0.26729508721104284,0.2790229284322701,1.2168924992357673,1.2449819678474408
stable,1.8,3,persistence,100,19.625527385440304,0.871371613992048,0.4848053420248698,0.005409094279794621,1.0,0.0,0.0,1.8,1.8,17.91763902201589,21.333415748864716,0.47420351723647236,0.49540716681326724,1.0,1.0
stable,1.8,3,euclidean,100,11.18539628289094,0.6429119619725406,0.45220343786370165,0.006056117272563516,0.9333006386806774,0.007379670717653953,0.5,1.8,1.8,9.92528883742476,12.445503728357119,0.44033344800947716,0.46407342771792615,0.9188364840740756,0.9477647932872791
stable,1.8,3,cholesky,100,7.904478021106858,0.7697577095565029,0.43961557136810464,0.006750045855445283,0.9060122915561979,0.00830752585054708,0.0,1.8,1.8,6.395752910376112,9.413203131837603,0.4263854814914319,0.4528456612447774,0.8897295408891256,0.9222950422232702
stable,1.8,3,log_euclidean,100,6.608373669690125,0.2594391504352525,0.4341492096600924,0.0058079214693507785,0.8959453955891358,0.006982774800831581,0.0,1.8,1.8,6.09987293483703,7.1168744045432195,0.42276568358016486,0.44553273574001995,0.8822591569795059,0.9096316341987657
stable,1.8,3,fixed,100,0.0,0.0,0.40689342076581175,0.0050772436184141016,0.8403670791831118,0.0061823395514552645,0.0,1.8,1.8,0.0,0.0,0.39694202327372013,0.41684481825790337,0.8282496936622595,0.8524844647039641
stable,1.8,3,local,100,1.772996425450527,0.21775426935106132,0.4144236989205103,0.005545628907546866,0.8561029343588368,0.00767616884227784,0.0,1.8,1.8,1.3461980575224468,2.199794793378607,0.4035542662617184,0.42529313157930215,0.8410576434279722,0.8711482252897014
stable,1.8,6,persistence,100,44.29406101492665,1.3723141591157129,0.6571174167130026,0.008450810128144214,1.0,0.0,0.0,1.8,1.8,41.60432526305985,46.983796766793446,0.64055382886184,0.6736810045641652,1.0,1.0
stable,1.8,6,euclidean,100,8.772008300837825,0.6202148044260595,0.49940078845630226,0.008330172509278276,0.7595774653053531,0.007370017611044101,0.41,1.8,1.8,7.556387284162749,9.987629317512901,0.48307365033811683,0.5157279265744876,0.7451322307877066,0.7740226998229995
stable,1.8,6,cholesky,100,7.0649283501309466,0.7328918880225783,0.4914539239589397,0.008313259346459318,0.7482302956037564,0.008229727096441585,0.0,1.8,1.8,5.628460249606693,8.5013964506552,0.47515993563987946,0.507747912278,0.7321000304947309,0.7643605607127819
stable,1.8,6,log_euclidean,100,5.170448444157374,0.256470213301644,0.48260161235512444,0.007510313680339787,0.7354411453611708,0.007295567368382784,0.0,1.8,1.8,4.667766826086152,5.673130062228597,0.4678813975416585,0.4973218271685904,0.7211418333191405,0.749740457403201
stable,1.8,6,fixed,100,0.0,0.0,0.45852622365653156,0.006806104129664163,0.6993908053927506,0.0068264405762975405,0.0,1.8,1.8,0.0,0.0,0.4451862595623898,0.47186618775067335,0.6860109818632074,0.7127706289222937
stable,1.8,6,local,100,0.7468212099950625,0.16988833692506267,0.4620468999072472,0.007036978143609091,0.705165651390937,0.007614210830729532,0.0,1.8,1.8,0.4138400696219397,1.0798023503681853,0.4482544227457734,0.475839377068721,0.6902417981627071,0.7200895046191669
continuing,1.8,1,persistence,100,-15.084955141638645,0.3706493034784187,0.3206544830244723,0.003181036851143434,1.0,0.0,0.0,1.8,3.5741647742937466,-15.811427776456345,-14.358482506820945,0.3144196507962312,0.3268893152527134,1.0,1.0
continuing,1.8,1,euclidean,100,17.530551759451146,0.4098127765214336,0.4444754910017343,0.004886046935865853,1.3864940738181104,0.007333599333537275,0.99,1.8,3.5741647742937466,16.727318717469135,18.333784801433158,0.4348988390074372,0.45405214299603136,1.3721202191243773,1.4008679285118435
continuing,1.8,1,cholesky,100,12.719148287008215,1.7289547084176142,0.4266358449524503,0.008526104609559666,1.330193553219398,0.021395974035148792,0.0,1.8,3.5741647742937466,9.330397058509691,16.107899515506737,0.40992467991771336,0.4433470099871873,1.2882574441105064,1.3721296623282897
continuing,1.8,1,log_euclidean,100,12.627848664599284,0.32491787784467363,0.42590290182733354,0.004584612394284559,1.3290057866785405,0.007224704419181061,0.0,1.8,3.5741647742937466,11.991009624023723,13.264687705174845,0.4169170615345358,0.4348887421201313,1.3148453660169457,1.3431662073401354
continuing,1.8,1,fixed,100,0.0,0.0,0.37777140744888515,0.0035359307329871107,1.1798251972464184,0.005052278937649802,0.0,1.8,3.5741647742937466,0.0,0.0,0.3708409832122304,0.3847018316855399,1.1699227305286248,1.189727663964212
continuing,1.8,1,local,100,8.977176341930376,0.3550756046417933,0.41168947031404984,0.004082851140948268,1.286002189443663,0.007390270775849146,0.0,1.8,3.5741647742937466,8.28122815683246,9.67312452702829,0.40368708207779125,0.41969185855030844,1.2715172587229988,1.3004871201643273
continuing,1.8,3,persistence,100,5.887835803767897,0.7401437820647352,0.7051490433767666,0.007493960573396974,1.0,0.0,0.0,1.8,3.5741647742937466,4.437153990921016,7.338517616614777,0.6904608806529086,0.7198372061006247,1.0,1.0
continuing,1.8,3,euclidean,100,14.113308430762952,0.7817653414817752,0.7619104721442439,0.009897276483539559,1.0821686028202449,0.009786909803574988,0.93,1.8,3.5741647742937466,12.581048361458674,15.645568500067231,0.7425118102365064,0.7813091340519814,1.062986259605238,1.1013509460352517
continuing,1.8,3,cholesky,100,13.895670155168082,1.6482624430744355,0.7621301513937568,0.015258413035901341,1.079555735987723,0.01644042933183058,0.0,1.8,3.5741647742937466,10.665075766742188,17.126264543593976,0.7322236618433902,0.7920366409441235,1.047332494497335,1.111778977478111
continuing,1.8,3,log_euclidean,100,11.927868089714599,0.3457057759662999,0.7483405651117074,0.009385050352912004,1.062609979010693,0.008675553674215717,0.0,1.8,3.5741647742937466,11.25028476882065,12.605451410608547,0.7299458664199999,0.766735263803415,1.0456058938092303,1.0796140642121559
continuing,1.8,3,fixed,100,0.0,0.0,0.6675512841777871,0.00717503825198978,0.9489231195324094,0.0065717591532473045,0.0,1.8,3.5741647742937466,0.0,0.0,0.6534882092038872,0.681614359151687,0.9360424715920447,0.9618037674727741
continuing,1.8,3,local,100,3.25383160802554,0.3262980998056615,0.6898475844834436,0.008237030466979595,0.9808462417839113,0.008752346378952117,0.0,1.8,3.5741647742937466,2.6142873324064437,3.8933758836446364,0.6737030047681636,0.7059921641987237,0.9636916428811652,0.9980008406866575
continuing,1.8,6,persistence,100,16.035920752000266,1.0831188667444243,0.9746161053787498,0.011926188080657932,1.0,0.0,0.0,1.8,3.5741647742937466,13.913007773181194,18.15883373081934,0.9512407767406602,0.9979914340168393,1.0,1.0
continuing,1.8,6,euclidean,100,9.695632041761616,0.7578260074661287,0.9270151746491527,0.014441406404435794,0.9518872209978594,0.009582897343702072,0.85,1.8,3.5741647742937466,8.210293067128005,11.180971016395228,0.8987100180964586,0.9553203312018469,0.9331047422042034,0.9706696997915154
continuing,1.8,6,cholesky,100,13.113156570509648,1.5772632734480223,0.9556703649287303,0.018736090289102846,0.9819782762757654,0.015506367767135817,0.0,1.8,3.5741647742937466,10.021720554551525,16.204592586467772,0.9189476279620887,0.9923931018953718,0.9515857954521791,1.0123707570993516
continuing,1.8,6,log_euclidean,100,11.101265733866624,0.3067226199589772,0.9388500173700052,0.013190516727297711,0.9659951159703104,0.009673563579104866,0.0,1.8,3.5741647742937466,10.50008939874703,11.702442068986219,0.9129966045845017,0.9647034301555086,0.9470349313552648,0.984955300585356
continuing,1.8,6,fixed,100,0.0,0.0,0.8436405138976676,0.010484683768413713,0.8691756765154824,0.008045313519804871,0.0,1.8,3.5741647742937466,0.0,0.0,0.8230905337115767,0.8641904940837585,0.8534068620166649,0.8849444910143
continuing,1.8,6,local,100,1.5733527734963848,0.2552623675252764,0.8575411402362918,0.011389613128257087,0.883796361470546,0.00940084988438376,0.0,1.8,3.5741647742937466,1.073038533146843,2.0736670138459266,0.8352174985049079,0.8798647819676757,0.8653706956971537,0.9022220272439382
stable,2.4,1,persistence,100,-11.92325948316002,0.41011451330703697,0.2938702377781195,0.003038428261679939,1.0,0.0,0.0,2.4000000000000004,2.4000000000000004,-12.727083929241813,-11.119435037078228,0.2879149183852268,0.29982555717101217,1.0,1.0
stable,2.4,1,euclidean,100,17.318554530128846,0.5007389917968846,0.3916951900868092,0.0042214855404278636,1.3345531294971513,0.007941390185004445,0.96,2.4000000000000004,2.4000000000000004,16.337106106206953,18.30000295405074,0.38342107842757056,0.39996930174604783,1.3189880047345426,1.35011825425976
stable,2.4,1,cholesky,100,10.626722591699862,1.38027371959401,0.37047360606582075,0.006920428171574104,1.259309589372837,0.017218752831773994,0.0,2.4000000000000004,2.4000000000000004,7.921386101295602,13.33205908210412,0.3569095668495355,0.384037645282106,1.2255608338225599,1.2930583449231141
stable,2.4,1,log_euclidean,100,9.403283132458911,0.28514221126179173,0.3657679949224175,0.0042101300095466355,1.2450089988505448,0.007023755828322491,0.0,2.4000000000000004,2.4000000000000004,8.8444043983858,9.962161866532023,0.35751614010370614,0.3740198497411289,1.2312424374270328,1.258775560274057
stable,2.4,1,fixed,100,0.0,0.0,0.33392680421257104,0.003373183717685922,1.1377328062506755,0.005135952311165122,0.0,2.4000000000000004,2.4000000000000004,0.0,0.0,0.3273153641259066,0.34053824429923546,1.1276663397207918,1.1477992727805593
stable,2.4,1,local,100,7.805995193680294,0.32735167956107525,0.3600448650336229,0.0038474705475805607,1.227032226358412,0.0075446933513705836,0.0,2.4000000000000004,2.4000000000000004,7.164385901740586,8.447604485620001,0.35250382276036496,0.3675859073068808,1.2122446273897256,1.2418198253270982
stable,2.4,3,persistence,100,19.11691686806341,0.8856486510475416,0.6403221781841623,0.006993790713638035,1.0,0.0,0.0,2.4000000000000004,2.4000000000000004,17.38104551201023,20.85278822411659,0.6266143483854317,0.6540300079828928,1.0,1.0
stable,2.4,3,euclidean,100,13.557255069470385,0.8666229204678549,0.6127310111191555,0.008749368004916096,0.9577800514076131,0.00929282242559622,0.72,2.4000000000000004,2.4000000000000004,11.858674145353389,15.25583599358738,0.59558224982952,0.629879772408791,0.9395661194534446,0.9759939833617817
stable,2.4,3,cholesky,100,11.05327932074099,1.2078913033268837,0.6007901043486461,0.010863565346377805,0.9366370499595792,0.011518092926554317,0.0,2.4000000000000004,2.4000000000000004,8.685812366220297,13.420746275261681,0.5794975162697455,0.6220826924275467,0.9140615878235328,0.9592125120956256
stable,2.4,3,log_euclidean,100,8.523746995954747,0.29391719799540017,0.5863286066000785,0.007819975109034585,0.9164256807756022,0.007722839373374544,0.0,2.4000000000000004,2.4000000000000004,7.9476692878837625,9.099824704025732,0.5710014553863707,0.6016557578137862,0.9012889156037881,0.9315624459474162
stable,2.4,3,fixed,100,0.0,0.0,0.5397271679776201,0.0065869083039317485,0.8441140578021025,0.006299208305163018,0.0,2.4000000000000004,2.4000000000000004,0.0,0.0,0.5268168277019138,0.5526375082533264,0.831767609523983,0.856460506080222
stable,2.4,3,local,100,1.6054900813960955,0.2858699177480194,0.5488864088663002,0.0073419338698179955,0.85870657090017,0.008173173891833755,0.0,2.4000000000000004,2.4000000000000004,1.0451850426099774,2.1657951201822137,0.534496218481457,0.5632765992511435,0.8426871500721759,0.8747259917281641
stable,2.4,6,persistence,100,42.63642622027854,1.4106089828849742,0.8662455575620512,0.011040876093268552,1.0,0.0,0.0,2.4000000000000004,2.4000000000000004,39.87163261382399,45.40121982673308,0.8446054404192449,0.8878856747048576,1.0,1.0
stable,2.4,6,euclidean,100,11.59608711391138,0.85754219943015,0.6826936268201215,0.011271624422801507,0.788366409667165,0.0082595079163671,0.67,2.4000000000000004,2.4000000000000004,9.915304403028287,13.276869824794474,0.6606012429514305,0.7047860106888124,0.7721777741510855,0.8045550451832445
stable,2.4,6,cholesky,100,9.953155413709919,1.1586133174502264,0.6739438267785323,0.012901311894817052,0.7777895441209837,0.010554725509249699,0.0,2.4000000000000004,2.4000000000000004,7.682273311507474,12.224037515912363,0.6486572554646909,0.6992303980923736,0.7571022821228542,0.7984768061191131
stable,2.4,6,log_euclidean,100,6.949774883727592,0.29446882522602436,0.6548994712282505,0.010303588023750771,0.7573840385408797,0.008118571027404983,0.0,2.4000000000000004,2.4000000000000004,6.372615986284584,7.5269337811706,0.634704438701699,0.6750945037548021,0.7414716393271659,0.7732964377545934
stable,2.4,6,fixed,100,0.0,0.0,0.6119252634615562,0.009165159595101217,0.7080398669907265,0.00718067259267915,0.0,2.4000000000000004,2.4000000000000004,0.0,0.0,0.5939615506551578,0.6298889762679546,0.6939657487090753,0.7221139852723777
stable,2.4,6,local,100,0.7833022726278837,0.2632034531208106,0.6167825909402886,0.009536852447211586,0.71436731222575,0.008323406071518432,0.0,2.4000000000000004,2.4000000000000004,0.26742350451109487,1.2991810407446724,0.5980903601437539,0.6354748217368233,0.6980534363255739,0.7306811881259261
continuing,2.4,1,persistence,100,-15.285623785118261,0.37912954735604465,0.49081543453428067,0.004158712845973608,1.0,0.0,0.0,2.4000000000000004,5.2260927030361986,-16.02871769793611,-14.542529872300413,0.4826643573561724,0.4989665117123889,1.0,1.0
continuing,2.4,1,euclidean,100,24.224093601035506,0.6358500959288158,0.7203343341034432,0.007086179113211591,1.4695259519115929,0.01029332823406017,1.0,2.4000000000000004,5.2260927030361986,22.977827413015028,25.470359789055983,0.7064454230415484,0.7342232451653379,1.4493510285728348,1.4897008752503509
continuing,2.4,1,cholesky,100,20.375939798977893,3.447770946803266,0.699957970270082,0.02262434825740912,1.4244629772586848,0.04176998793865645,0.0,2.4000000000000004,5.2260927030361986,13.618308743243492,27.133570854712293,0.6556142476855601,0.7443016928546039,1.3425938008989182,1.5063321536184513
continuing,2.4,1,log_euclidean,100,17.854902053698186,0.4238488023423114,0.6837905573461817,0.006588693189743057,1.394216840742467,0.008432212528613738,0.0,2.4000000000000004,5.2260927030361986,17.024158401107258,18.685645706289115,0.6708767186942852,0.6967043959980781,1.3776897041863843,1.41074397729855
continuing,2.4,1,fixed,100,0.0,0.0,0.5798321993431262,0.004762632097506887,1.1827411775675234,0.0052137154581783736,0.01,2.4000000000000004,5.2260927030361986,0.0,0.0,0.5704974404320128,0.5891669582542397,1.1725222952694938,1.192960059865553
continuing,2.4,1,local,100,10.622513171177939,0.4629262049722973,0.6411660235626586,0.00560470643725677,1.3084362860261818,0.00804862688723144,0.0,2.4000000000000004,5.2260927030361986,9.715177809432236,11.529848532923642,0.6301807989456354,0.6521512481796818,1.2926609773272082,1.3242115947251554
continuing,2.4,3,persistence,100,0.4410448685877696,0.7166951935765976,1.0831512510015389,0.010222922266784442,1.0,0.0,0.0,2.4000000000000004,5.2260927030361986,-0.9636777108223616,1.845767447997901,1.0631143233586413,1.1031881786444364,1.0,1.0
continuing,2.4,3,euclidean,100,17.579406314447734,1.092775695617307,1.2725269505585326,0.018136687973046715,1.1763939019404293,0.013577484149817905,1.0,2.4000000000000004,5.2260927030361986,15.437565951037813,19.721246677857657,1.2369790421313611,1.308074858985704,1.149782033006786,1.2030057708740725
continuing,2.4,3,cholesky,100,19.260359412244032,2.788371195020315,1.2943496334209619,0.03619727258631657,1.1919808253045883,0.028831611192625877,0.0,2.4000000000000004,5.2260927030361986,13.795151870004215,24.72556695448385,1.2234029791517813,1.3652962876901424,1.1354708673670415,1.248490783242135
continuing,2.4,3,log_euclidean,100,15.795652882792558,0.45745060515817926,1.2539902647878325,0.014843193082354924,1.1595998810679093,0.010513872796333316,0.0,2.4000000000000004,5.2260927030361986,14.899049696682527,16.69225606890259,1.2248976063464168,1.2830829232292482,1.138992690387096,1.1802070717487227
continuing,2.4,3,fixed,100,0.0,0.0,1.0814055284771906,0.010574034298147707,1.0006241019392395,0.007126964609007853,0.0,2.4000000000000004,5.2260927030361986,0.0,0.0,1.0606804212528211,1.1021306357015601,0.9866552513055841,1.014592952572895
continuing,2.4,3,local,100,4.1390775848849675,0.4475783303291806,1.1268656078150787,0.012656956689422285,1.0432759333935326,0.010081546005205503,0.0,2.4000000000000004,5.2260927030361986,3.2618240574397737,5.016331112330161,1.1020579727038111,1.1516732429263463,1.0235161032233298,1.0630357635637355
continuing,2.4,6,persistence,100,6.028764740121297,1.0054163568935475,1.5107268870221722,0.01683824297222467,1.0,0.0,0.0,2.4000000000000004,5.2260927030361986,4.0581486806099445,7.99938079963265,1.477723930796612,1.5437298432477324,1.0,1.0
continuing,2.4,6,euclidean,100,13.367807755139552,0.9684355131743819,1.6233370954903632,0.023647739037788936,1.0761353048088533,0.011412855719661563,0.96,2.4000000000000004,5.2260927030361986,11.469674149317763,15.26594136096134,1.576987526976297,1.6696866640044294,1.0537661075983167,1.09850450201939
continuing,2.4,6,cholesky,100,18.029273654323415,2.6358264365246997,1.6932714288277353,0.044815746286852406,1.12086713708247,0.025969755577835214,0.0,2.4000000000000004,5.2260927030361986,12.863053838735004,23.195493469911824,1.6054325661055047,1.781110291549966,1.0699664161499132,1.171767858015027
continuing,2.4,6,log_euclidean,100,15.261890422774911,0.3823837956144821,1.6535815394529623,0.022587159849959907,1.0978193218306393,0.012066090675218803,0.0,2.4000000000000004,5.2260927030361986,14.512418183370526,16.011362662179295,1.6093107061470409,1.6978523727588837,1.0741697841072104,1.1214688595540683
continuing,2.4,6,fixed,100,0.0,0.0,1.4321485960175446,0.016878354904332298,0.9515448322597428,0.00903624745909984,0.0,2.4000000000000004,5.2260927030361986,0.0,0.0,1.3990670204050533,1.465230171630036,0.9338337872399072,0.9692558772795785
continuing,2.4,6,local,100,3.065964099635585,0.3821529266531057,1.4772431910689958,0.019223999998590695,0.9821340147883691,0.011285039280725783,0.0,2.4000000000000004,5.2260927030361986,2.3169443633954976,3.814983835875672,1.439564151071758,1.5149222310662336,0.9600153377981466,1.0042526917785917
